0x849151d7d0bf1f34b70d5cad5149d28cc2308bf1,3090
0xf7c0d5e897666ce6590a749ff1bd9edaf7eab2a5,3090
0x5d802e2fe48392c104ce0401c7eca8a4456f1f16,3090
0x60ec4fd8069513f738f3a0f41b9e00c294e74bf3,3090
0x9652721d02b9db43f4311102820158abb4ecc95b,3090
0x04193e80464b90d7da3032162d60fc144eee48c0,3090
0xe12bcda01b286f08db74e0925c3a2813fdddddb8,3090
0xa6b35460568c6b9846d29f26f2c7ca1511e0a386,3090
0xdb045ffc90e4476dc4a3fbeb07fe54257858671d,3090
0xf32dd1bd55bd14d929218499a2e7d106f72f79c7,3090
0x58ba29f7b72b896c5f8fae603dab7891106b1701,3090
0xd8ddbfd00b958e94a024fb8c116ae89c70c60257,3090
0x7ad252facf5f1115b22ea0a4d63e8770573d78a2,3090
0x189c49ade75486008fa96b75490eec578aa2549c,3090
0xc7a0d765c3af6e2710ba05a56c5e2ca190c2e11e,3090
0x8379bd16381620914d8fa3d535f6ca9ef23ece53,3090
0x5b93ff82faaf241c15997ea3975419dddd8362c5,3090
0x7490a48d50b9c9bc6154d33597ca1399f17c3e75,3090
0xe75918343cf6b74adf0beca7bedcfffc67ba4458,3090
0x089fce8be711cabc806d69b1d0d5aebd52a06455,3090
0x71b0f3a66b12b47f2cbee6cd6ff4ffbe71a1c5e6,3090
0x41ded6e0ff3ac4caef658fb2d1369a0ae737a830,3090
0x45db9d3457c2cb05c4bfc7334a33cee6e19d508f,3090
0xa5d224b43eab837aa2ee9c6ed727f1613f301a5e,3090
0xb06437c630b57598a6c177513f2f4ab04b95744b,3090
0x0ee25bd99736d898130edb98d343312f6688a50a,3090
0x74ad099efe0dc1a2a945d81e33a49b43c1d1f3b8,3090
0xded214192212c73c6e56f7a52a50e3dba6b2747a,3090
0x9602e14add18adef7fa319203f0c7126065d13f5,3090
0xed21735dc192dc4eeafd71b4dc023bc53fe4df15,3090
0x4d85e4f760fb58e380f02657ae5aafb8bd010601,3090
0x93205bff8d090578e14fba9b97bd1505ec030670,3090
0xe7e7b0f53f15d3452e6ef8698b52e967af110762,3090
0xeca9315ad26ca93384e824cefc609c8e63bd7720,3090
0xde4805cd27dbbefe1aec5acf7682dc02d136cce4,3090
0xb386c139442a81a482424f11214e70625a2c7109,3090
0xbc0a05fa7fbdc5ba44d49223011066236d5ef79d,3090
0x163b63beaad50fbf8e7d41048b6ac1b1eb0cae6f,3090
0xd59522cf96a74189a4b001e60cf192e0b54aaf5a,3090
0xc0507312e0fefef57681a95e72389263112fc414,3090
0x73ee044a4d88b71c5f82b776cde70573e0889715,3090
0x463757f957f3bc482cd7af877565f90333c4b524,3090
0xac5b774d7a700acdb528048b6052bc1549cd73b9,3090
0x19d8da2674e8a025154153297ea3ab918debf96d,3090
0x28a69640810fcdcf6adb7119edd64eed4612fa49,3090
0x17cd072cbd45031efc21da538c783e0ed3b25dcc,3090
0xf34f1c938d08817118e4405da510bea8cd72c67e,3090
0x07354f11cc7c11c8332fc9b31f0ca0359cb943a7,3090
0xbbff757fd0c2506d8c7cab172bdd0990773cc858,3090
0xed08e483557bd0955fe5fdebe464293a961edaae,3090
0x388a10ddac18cdd49d5016e3e15daa3e4199107e,3090
0x813e08ae6df34d19c69a1c52dcbaa5730e973e9e,3090
0x99999990d598b918799f38163204bbc30611b6b6,3090
0xd943ccc1a3e4cbcebe18311acf8dae8236f024c0,3090
0x57695440be82ce3053493e01362f9202f8b9e2b0,3090
0xfe819920199392cdd911acdaed84b38f30e27562,3090
0xeaf55242a90bb3289db8184772b0b98562053559,3090
0x0aa34eb615ab330b64060ff9fa994e72a7a95b59,3090
0xf005bc919b57dc1a95070a614c0d51a2897d11ff,3090
0x3a6372b2013f9876a84761187d933dee0653e377,3090
0x4be6638a4547c7fdc978e82c1da97ea19c31ad1a,3090
0x35282d65df0d7419001e44b9df85330da553b605,3090
0x4a8b487f55e7c94d481f20a50ac64bb0e91ae8e8,3090
0x4850eae55a6ef549955826b8a86e756c2fbbef77,3090
0x873ec853a4545ddc1d8568988b72782798b22db2,3090
0xfc33fbc0de4a28c75ed0b256426aabf8888286bf,3090
0x64250b104207c85201e0f7a903cd7037255906b7,3090
0x6f98983f93bc84159cd4f1cc3a44768c6ff257f7,3090
0xb42d29035283374c47befe31011517720426e6ff,3090
0x194c417d48c4471c94ba789718f9de306d2df331,3090
0x807be4dc1f6308d962cc13d7a0b834aeaeb0b8a6,3090
0xea310c966d3ff5e09c65487f1763b21361eb71ef,3090
0x535a6da7c54d45cf57d240f4d65a6acccee58f6f,3090
0xf3c0f24eca4b1c02117711c7945ce1fbb19c0940,3090
0x4cfd681d4d4652e4ee083bb638fdb49fe818a6cb,3090
0x547a2e8d97dc99be21e509fa93c4fa5dd76b8ed0,3090
0xc4c717ec43819521136b024b0fabc0dac2a1cdd2,3090
0x26d63d6e4644700653df283089bf38f02769fce5,3090
0xd5b9df581e4207069da358f5f073c89a97b5cb53,3090
0x2f21f94e1e57543f4663b722b6b1bed97c576bd4,3090
0x6e6e3ac4aba720ab576d0f16042a16d6d9b78886,3090
0x9e7ba94a558a10a4b0f126ec93a48e78cb4549d3,3090
0x7c3f33e539884f09e8a8cd957840630dc6f7a580,3090
0x9e0149f7cc28c93a3b5f76ab3e8a2a22d14435b5,3090
0xf3acc2385423664f9b9c4dae5f7c89921724a78f,3090
0x0ce98350b9dea81fe0b47dbc4787a1e9f8f1d7ff,3090
0x3dccaa5fd08c599d95eff1bc4de3a2f6e8203232,3090
0xa78b5760b4f2e0b4edb12f06b943c0766f87f045,3090
0x2cfc089a0106cb95bd2b70942249cda7cb7a5a3a,3090
0x838ad0eae54f99f1926da7c3b6bfbf617389b4d9,3090
0xd16d7f9439f5b3b55e0da51acddd1c2bc21e7f27,3090
0xae0768e5ee2d5f140802f998c7293e2ff00297b2,3090
0xcd7f1f5470d11ea032422cda6fff014694185b95,3090
0xcff81aa6f77be0e0dc154dc409707534f11524ac,3090
0x69fadaa5a16d93003724f1fa8ccd1e9e74de414d,3090
0x6bd7e00c45b3d304029d96c03ceea1287bc6e3c5,3090
0x5f0e73823bbf7947038b76553c8a566ecc6a9754,3090
0xed9c08a338ce32d6bb3e02aa85124cd222b4fa38,3090
0xb1607e8fcead1e10317bda673691cbb274d653f4,3090
0xf223b125319af721a54357948c433907c576389f,3090
0xef734ba9980b500161ec71f3d20fb0113dbe862f,3090
0x160632180d3e32bf7cc964e499711c079760f191,3090
0xf97a78cb2aa27d1eb9cdfc2f2241b14da2dd55f1,3090
0x648f09326ae1012be76449422e888427e24a3872,3090
0x4c2c8d7bac8395670f015d14cedf34865c8e20a1,3090
0xae980c656aff0ffd53ea03779d809337a2cbadfc,3090
0xd61bb0db003571c76fbcdc77b995a656d1a88cb9,3090
0x07ef0d75c2a7a7ebc2ee8d449efd8542abd53a8c,3090
0x06b44aa25a2f7ab692086772fdd1d3adbdb4d0e0,3090
0x1b17fdcb7293f2268eb29850a1221ea4eca6fcbf,3090
0x82a1955f1e1e2ed397d9ca25d40b36259a1130b4,3090
0x7b9b8ea7ee81a5298f1eb1da63f3d2985c7e0f4f,3090
0x1ac262d831815b1296803f01221271cd5b1c3bbd,3090
0xbe4a3a2b8640f300f489fe5e5820e43d295f0935,3090
0x61e615d2d68eb253cb0ad811db1882b7dff08582,3090
0x38b6b4387ff2776678e2b42f5eb2af4a452177d7,3090
0x88ab2a073a5b90839347161ebd4396d9e23cebfb,3090
0x54c097e59de6f0470027c3a042b4713b67ad946d,3090
0x72cc82900823c29310985decdd607a68f9bc8418,3090
0x333d0ebc54707c0a9d92cac749b3094c28a0e111,3090
0xfed42e2195ecaa47474e11954049c113e8be273b,3090
0x3b60e31cfc48a9074cd5bebb26c9eaa77650a43f,3090
0xdb48776ef254a995eb8a11b009e2a265a628ab21,3090
0x1e474b50bdc2b39dccaa2b8ddf37b3f022b128a8,3090
0xe5e8cc6c1a70454a9a726989f2131957b78cdd8d,3090
0x0cde86778379796609a69e39c63140fc26efd82c,3090
0x5c96723215b26f784974fcf428e0367aea3a4f24,3090
0x44b1b486ce8d9c82f605626347a7b1f74add11de,3090
0xdc35a5792db09b8c8571f1a3c718dd60b16ae690,3090
0x3ef7e28441291423f6ad42576baed885ad79814a,3090
0x94ef5e61fa3de11cbb3ff09837b23099733dd60f,3090
0xfc7efbeb9655f95299c442bc15448f03693ecc8c,3090
0x78b2de47fe499e0a6f7a67dbf965b8ec765d2d9d,3090
0x01a29134723ef72a968838cb1df498bc4f910bec,3090
0x533f15a3cf28fc3656c68ce080747f6e7aaa61b4,3090
0x2e636f43cd3fa208aae89819c02257626a4c3dac,3090
0xd18851b6841ae9eff5b7dd52323fd02111c1ad81,3090
0xde4b0de17ddab4b76938269ec2b22b02e9695e62,3090
0x9827e110ca6a8a4dc32e3bc371947f877f5f1c08,3090
0xcbbeea830330f14f75a22e9ba421d76ce0cfccd7,3090
0xac1c4bed1c7c71fd3afde11e2bd4f18d969c843d,3090
0x8f5511f9c204dee881167c0da490fa9018251d2d,3090
0x0cad1295a11243edfabc2b16f09409cb883d4eb8,3090
0xf9e03493a5dbcca44019993399f418ad96b3ed1c,3090
0x5f47e54006b79f179e20de7cd7692136688b5e96,3090
0xb96fb3ef787f0c785c3aae333aa1126b98d4f8fe,3090
0x57d1eae9f0972723f0e78eaf4e6c08e90565206f,3090
0x4bf88042de0220647acb314af3c5f310aec3bcc0,3090
0x1a5f6f16b81627ff22c36614d7ba59a4efc2e206,3090
0x4a3e6e66f8c32bc05a50879f872b1177a1573cdf,3090
0xf5208d0e44e1b84a4f310aeb3a9f41c6d001dafd,3090
0xc30ea2caa61ec779f854c4bdb97c496a50871994,3090
0x83cbb71271457d450e70d61a1f12b5e39618db0f,3090
0xedbd40b0ac16de4d90f02045c2184d9ff09a5e8e,3090
0x058f4718624fcc5006d89ecc8c76e5baf5320590,3090
0xbbf61308d129ee97578dce421a60f49354f0f4dd,3090
0xc487e9841fe2b53225a70fd23b0c51e4aae4a7be,3090
0x40980da952f0176aa2c34880e9a87e4990000f2a,3090
0xf980bb10341b80b11e5f774a8e2495f38783b75a,3090
0xa551c69f5ec2838928cea71986e89e995141b768,3090
0x387a161c6b25aa854100abaed39274e51aaffffd,3090
0xa88fe6fa01fcc112bb2164c6e37d63395b923e5f,3090
0xf0ee30aed5476abe111e2219146a7f8ea47ecf0e,3090
0xa5e0b891d5f7daa83ab1b760e56099bb23f7ab85,3090
0x32ea8bb904ccae3a751786945f02942d6dbf81e2,3090
0x3a88ba394c2f9963189b2ccd5cee354239a97ef9,3090
0x314566c6bca1a5f1266af2aec1cbf975ec1e318f,3090
0xdd3601a27997a21e31bf13a9a4af8a17d5e747ef,3090
0x1dfb3beabd53d00f117d36c286f3476094a04fbd,3090
0x8977096b70c14cf1555eaf67066f570ac0e32eae,3090
0x5db92c4a7fdae009ea763b26d74d33da3b1a7ccc,3090
0x7a3d05c70581bd345fe117c06e45f9669205384f,3090
0x5d1e8b6722fc4229de9ac0fd111ea4c44a5a64b9,3090
0x9a133d307cd01408c2227274cc70af7c831907b6,3090
0x751e85e5bb1df1d345a23d65defd5b8b0ef57b37,3090
0x117a5fbfb2d798c7041d8e810c65e302d5fabe4f,3090
0x5125b1989e54389ef98c0e9fbdbc581c9aece8fe,3090
0xb2ffa393f0b4072081eb2738eb8340bf877bae38,3090
0x1bcd1d3501021f30e6430a50c53b4a96933c1b33,3090
0xeba24c5fbb3615e375c269a661abd6acf063d876,3090
0xa082b4b722ba5dc48546ccde83cd13f172c3e710,3090
0x39b49acb34d450924559c807e8d7ea5668ff1673,3090
0xec221c1317bb6eac0a1756d9054dcbc0594a7b3f,3090
0x35a71545f81920a76af325c2546044bed8c88681,3090
0x4d1d419f4eebe9f1825c051de4bf8548cbe35ba5,3090
0xe91ce9548017f1ec84e4b9342f88817fd768e918,3090
0x073f0dc58e9989c827ba5b7b35570b7315652e63,3090
0xc5de52d75b001394aba6e83ef40cf4c95a2312d4,3090
0xa35156ca4294c13fe256b10091f3d6595e3bf7d7,3090
0x9addd91874b08f6856bf6b4a2263665d2bc0d933,3090
0x805dbe6ff2ed576af4eac1085d0aa74c1e59be53,3090
0x02feeb0ade57b6adeede5a4eeea6cf8c21beb6b1,3090
0xafca747b067c40ae0dda3f170ae971a2cbf4d05c,3090
0x7b689310f795b0e1edf32f1a68e26f9e9a8cbbf8,3090
0x1303278ca542fd46422990e1a7ab7cb9101a226b,3090
0xa6bcb89f21e0bf71e08ded426c142757791e17cf,3090
0xfd0afaa85a72468b02827c418cb3b40a9a2f5467,3090
0xebc1336b4ffd5beff67f84176d8ef45f7d7ef1ef,3090
0x7ffabd67da9a2712a817d46137f564cb909384ec,3090
0x40f66a94ec8b355a73746b63d280eeb3f58f4666,3090
0xe3ff190ee60a7eec01de2ab9b43d3ba9dbe5b184,3090
0x7a72e2f61634381779fc06d4850251fbc0112bfc,3090
0x38b2bac6431604dffec17a1e6adc649a9ea0efba,3090
0xa9fd03e154e1b3cbe88f1b515e7ebdab2d640b60,3090
0x74ac894c6469b6872b4e9fb6bfecb23452041ebc,3090
0x0964256674e42d61f0ff84097e28f65311786ccb,3090
0x1b5f4b3cbff53245ae516b5475be336622dd5dc4,3090
0x2ca56e07381f9268e0c7fe8624f54fa38c4f73dc,3090
0x95a52074d9c28043c7d890d31f648612b7dd45a0,3090
0x91b52e9833dc4c681b5419f3e96093e85bbe8f91,3090
0x2373b942a8f89b4ef561b9ea5f3b6879a1b4ffe2,3090
0xd5189b8c6eaa1ed0ae31cdc35bf1fc7bf1b3330b,3090
0xb36dc2e63cba85fd005db11920a7881c05ca0d3f,3090
0x87aebb7928259a9f2c358d2580bbe1e4aa29afce,3090
0xba9544045a1ce93e0afaff1e547aac7d05627ee8,3090
0x17bf04ac18596926fc2fb389965fc882f791c65f,3090
0x1f317e6c8a7b92ce47a711e66aa5e5d34fd11317,3090
0x8fc5d6afe572fefc4ec153587b63ce543f6fa2ea,3090
0x5243c3faf2fc7909082c857634ad2e61143add49,3090
0x4b15e72a4d5778f296cccfffebfcdd67fc521e78,3090
0x8083a889763d3dcad1898c2e62d11b9b25e005a1,3090
0xa58b4a80de82b889ff40e487c58208a429c77f88,3090
0xaaf773699e7e05ee899f2687674ae1b35b9ffc65,3090
0x6216525b4107bca9e83fe302605ff2d81fa36992,3090
0x01500d3c04484dd4c1ebf491cdaab11c7689eefd,3090
0x7b27c0cfabd0941577624edddc8ad0fd12fd7480,3090
0x23d3ce99ebdc49d345ae082c57381bc5e813e6b7,3090
0xb6f6dce6000ca88cc936b450cedb16a5c15f157f,3090
0x5a95dd4c4e88a803fa12054d1a876b26b994dd09,3090
0xec924b50da12043f0fd573d816d31dfed781e73a,3090
0x130cc6c031a0c4d5d71037555c88503b20a33695,3090
0x54cd3d4f63b263b5cdc8cadfee0f81539a6d1507,3090
0xceed9585854f12f81a0103861b83b995a64ad915,3090
0x225b1aa72e0290a8a8461267270fd2ac7414e275,3090
0x1198667d6cc00afa078dd4333f8328d8870f3c6d,3090
0xb2fe5c3c7231b1117da36e7b29731693fbbc6f7a,3090
0x4fbbe2a43067637f7ca3990a6a660eb205d8939a,3090
0xb19c90c15f124775011a3fb20be1168d30a02d46,3090
0x96fffa0a25798d67f10da5127d5cb5870ab70154,3090
0x515a48924cac28dac89ba206ccc678a9b31f11da,3090
0xaee9df4554df4ddb473e1713ec0bb2ead5f8fc97,3090
0xad73eafcac4f4c6755dfc61770875fb8b6bc8a25,3090
0x1f2dad880e69c21b0ae17a6c33865e747aa7361e,3090
0x1358155a15930f89ebc787a34eb4ccfd9720bc62,3090
0xe2e2b6e4bfe82fd0cafd76a457c6204bb5f8b7f5,3090
0x827628c809c4a7bf28237cc1f43f29df708de45b,3090
0xe3c0f05c68e9a6eddbe65fe8fe7e352efd0d185b,3090
0xc10c4897fff32de3e32c8a04cf13dbf48d28b0a8,3090
0x8036bb84031e60a1bac93078c0e59bbd5e485db9,3090
0xcd99e179da09812825fcb64aa7e01893aefe8b54,3090
0x1d2e44dede73dcf080104ec0839a70da14641762,3090
0x225f3397755da03dddf31086be42816a779a6601,3090
0x6e431122a46e32a64da7ee5d576623b8dd545648,3090
0x5c8f77be6639cbd5b669e409c610926cc4e0e6ae,3090
0xf1cc2f3047cd31edad0b35de19b45830d2a4e281,3090
0x651ff251fe915cde567b54f46ac3d71ac45282e6,3090
0x89f2db161a9c15d943aca6c21d7e27800927d21a,3090
0x858b1d657b7e21c2d023d3e1b25795dc4963d1f8,3090
0x14651b3a91088b32779287ce39931a999c199058,3090
0xe003372475424c5b0940e494ecdf4f415fb13687,3090
0x00cb24871817de3fec142138f83d7403dc764313,3090
0x07c075f1ee0ef0a58c1e67fcb20b86166e8d900d,3090
0xf8014a5f9c8f2ed1a5b2b4e2a53495d37748c12d,3090
0x12625bf3023fe06ec960e9e31124cd49c0990a37,3090
0xcfdb2bb393b0d6523359a808cd66723efca52e6a,3090
0x3e977a120f7ef3cf55c976afe96ce160ed23ec61,3090
0xc9a16fb4d7be04e47f237c09d5517a61384e1f6a,3090
0xba07aa63d439e1b1ec1d2c58fe055b03b10ebf67,3090
0xd36c9c77ee60cec47ec84dac5f628da0c6c52ace,3090
0x621431bc7f7ae2910cba00a0e9baa687f9e2783d,3090
0xc6b3889d79f9de00d9d60d73dcac2946f1a64499,3090
0x9f1f85b1989d4e909b0bd4a405632f4c47f27d4f,3090
0x042273183818ff50cae2cd5883ab2c7ffd421b8b,3090
0x4049ef5ac0b876f3c3fe7e69916f2d10a25db890,3090
0x478028bd16fbc15aa24c2d13b2785e6323c1545a,3090
0xa8d13aa9e6967a13189d556aacb80853328cec05,3090
0x971a6da29c0103d8ad1bc46b884b8abff9d66514,3090
0x9057e7dfc7f00be66e368afde533d0d923e15f48,3090
0xa5c3a513645a9a00cb561fed40438e9dfe0d6a69,3090
0xab99da4232c2d78d7a5b4a6946827f3fb8ac3f39,3090
0x50e43349ce77ed2164b7a8ed6ce3ee736c3f46b5,3090
0x83554d6c06cf813b15396ed18bde844bb6465382,3090
0x7b7fe82464e66d5c297f9de2bc0a8bfc7d6de5bd,3090
0x413943fd9d2140a0720c570c671d579411c1f1b7,3090
0x37f8514c4503ad66cab4d469de521dfe14f8d939,3090
0x7f089c4f1852878f08cefecc2ab2172f6708aeb5,3090
0x06a95131e3d6a7e61429e3f3088385e5fbef0124,3090
0x203456535880c3dc70a69dde3e3afe028a52702a,3090
0x3811180d019c27a9578ec716d9e6d4046883e424,3090
0x8d481efd1813764e3cdd41600d16fedcbd39047a,3090
0x409062a018e3355f158f0d13df222e161df92d79,3090
0x2d2b2b16628dfbe275b8b3e9f5b71c4d51d63974,3090
0xfe2318cc897f50cee711b37c073575f80f0bbe99,3090
0x51e149807bb595d9813c4f3fb3c47062d15a55ba,3090
0x04e186b362de67236c751be5ba53d066d9336d12,3090
0x8e47f230c4240138ea7e7d71b0cc18224b40cd43,3090
0x367a9f2adbffa759f0558a1fd76fb1bd1d13b0f3,3090
0x91cb655d9b80022116c01dcbf5abca3f1bd056db,3090
0x3f216864e9b71d17c483fba83b1af3efe02f5d9e,3090
0x25b0d613bc760054cfed524812eb8b01a23ad9d8,3090
0x62e509caae9a513e002d593b57fc7860803d7636,3090
0x487c6480c33f32435f99cfa4b1e09c0d4e4165f7,3090
0x3c0afeb79614097f45d699c7a5458ecf722cbc1a,3090
0x594bf8496a39c5e5d5f0ab1ec00fd5004923bc31,3090
0xa65670b72251ba3caed24f7a6161bcb6357bea50,3090
0x1a1c37c145a1eab58c43f003ebb55c18083b5987,3090
0x8723a2c023d2043026ae607e089284380edf8cf6,3090
0xf3df4183d9819aef3dcf24e69c74c77bfaf25e4a,3090
0x7ff446ecf4a6c7224264eab1ee97e26a1d71152d,3090
0xeb00735c6ba45f656a7b3d145eea4d373ff4fdeb,3090
0x2e09ef7918e64ddabeb45e4dc81cb10c6554246c,3090
0x9a91d53172d14afa448bbdc46b11ee1152e8ba34,3090
0x776c9d7328b59b24ec1e5429b18bcdb8f81c1442,3090
0x1afcea61042318d6f9ab4cd6801e19960c7c998c,3090
0x7d18c8fee53b394297f4545261343bd5eb847b88,3090
0xdbee1cfa10d706ef868dd2dff97246cb6d73b530,3090
0x79316ac0d892200b99606026ccb6423c77b75821,3090
0xdb4508515a0bf62864c2e3ff0ced87354c5c4522,3090
0x9e48621c4c2ba70c73306e6cd4d540e384919777,3090
0x47d25240311c444e4534a968c9f0f82d262ae0b4,3090
0xa6df8ebdec6a18efb3bfeaddb6862334fe8562e9,3090
0x330875bed67074b0c261ec147ab535806e21ee2d,3090
0x83dd3d4934e7f271d7ce3921da896ad1206a15e2,3090
0x5407c4b5faa9601e1da8793996e9184c6055c87f,3090
0x93e5d88f1f86f4a3a8ee000abc1b2815b7d2d1ce,3090
0x3e213371c23e9767167b2160b9ac807e9161fdb6,3090
0x0fabf023b032659195f9d8590affc257412bb5d6,3090
0x672435e805d7786ffb8f0efb7b5f44f2c6cf4653,3090
0x5ac80f7222e19254417bfb15ffcdcd6b5be6a97c,3090
0x6206f6e372a3bf424faf5618ba334e15488e3d6d,3090
0xd76f84194375253b1331ad125db2aebbb434ad5f,3090
0xe5f6ae79926378b5543f2881bd3e062667afbc1c,3090
0x975a4bdd7e4a1af03d8c3e88142957a7fc63cd3e,3090
0x10e0eef65afde81e4452f249b57373beb4aaa1cf,3090
0x44eaa35bf5e0bdcdd3d9acb9679c2f08aed5cd2a,3090
0x027795de35ac8157dc3fc468927db2dfff2413de,3090
0xbf0d78ebe5e2c5a8ed9dbe42d539f5e8ea115d61,3090
0x70e3eba8968001b80faa5f9f9776681d7c88b2f1,3090
0x9798a181e731ee9d3abffc5ae15c93ca3d95a8e3,3090
0xbaa67634f672ca6a8ccbe294e6a5b75b7ab858e4,3090
0xed3d77b817ecc98328986085419e3a0e264cfecc,3090
0xa2129145a94f3920faf3de28b5fe613a7a3d19a8,3090
0x76f5d8aa307224dc222bad6bd65215d88db6907f,3090
0x03ba5b7394b1b1ba49a2c58ea63b08babe58ae2f,3090
0xd8c233b8af7e608fac6a05562f61d644dc81b4c6,3090
0xe61bb3e9d46b2d7511743695a0e6db869282dcd5,3090
0x88a060ef99783b60a83f5dea1ed7d2c6f7eb7b45,3090
0x6615b02697d364362b5174b279f1cc584e4c32bb,3090
0x641c4e11c021e47940f39b95a5c9ceb130c85d6c,3090
0xd9e10135bee11a553a4d947efabcb56892b1ee1c,3090
0x79a852c519cf6f3e262f65cfc03e995973451735,3090
0x24abfa8844bb07d4d256e26ae46acb99a3708f9d,3090
0x125eec8dcab7b2a7fc38ad7296cd0289c731c2ba,3090
0xecc6e6c88f658760e3cbc9328697a04612952637,3090
0x093391104a7337ac788b01e0c8f2a355e726818e,3090
0xe943ca883ef3294e0fc55a1a14591abead1b5927,3090
0x9d32572997da4948063e3fc11c2552eb82f7208e,3090
0x4179fe925903a4e9fce03638706234ad869e12f6,3090
0x79d31bfca5fda7a4f15b36763d2e44c99d811a6c,3090
0x59552d9c69910925cf085ec4dcdfd6fe586dddf8,3090
0xc0fd6e6aadc89b791555dfb44380c2d883e6a71a,3090
0x88d09625c012b99e40f85174dc8462ab40fba0b8,3090
0x6877be9e00d0bc5886c28419901e8cc98c1c2739,3090
0xfe6bd15f0e50b88a52b711122139b2b19fb8fa92,3090
0xe978bdbc3347feb6ed10c9845bbdc298604f80ca,3090
0x5617f0bb03233fb4862ba82bc83b00a8bb63e2ce,3090
0x19cec635649bdf7c8cf41f6be0f8c899dfc3a007,3090
0xecfbaf3893ca954b15b5d8eb22e4217fe7b2dddf,3090
0xcbde32a850ddd398afe2c4306cb8d7c0808b4a4a,3090
0xb39e7d35f65da12c72331bcffe13d486745e9de8,3090
0x07907fca2e884ef42821e82089595d89f3d508ef,3090
0x055821185aec8da28b23a4bf216acb47afbea9cf,3090
0x445c038ee4c3791f1cb336171f88ba3ee7f69baa,3090
0x4167a65b2c08fa20bf4ee838a6c7b682d6519482,3090
0xbde65bfaec402d8e61490a3f81ae139d7b97760e,3090
0x98397a068d413d3c92a506f98c5f25d33a9dac14,3090
0x37fde987e00ec7172a58e38e9fd158c6afabedb9,3090
0x1f641af5eb95f646c944b4181ab0c226971d7108,3090
0xe436fff763fbf20250be94e4af363f26d9e6ce61,3090
0x789b058b27168b1c68d74ff641150da6ea48f29a,3090
0x07d65bfefc28f145f5fe0b6391f1fc76d7fdc498,3090
0x5f1513fa71b29bc467fe2e2efae5a3605ab8d225,3090
0x380336041fed6d3de0c0a1f5079668760cd64779,3090
0x3f39ddacd5368d8af48f602520a2c35ce133e8f1,3090
0xbd25974c34128b93264dd39fd62714e6fbc7c863,3090
0x96a6e33c4783d240ceafcd75fe7a7d8c8be88e2c,3090
0xc64e217d28672923ac2c4d6aa34f3ff96977c340,3090
0x97ee3c00dfa72b73c81a6aea10563d97ce03bbc3,3090
0x4630b36459aa08b832f8402b86edfeb96a4b6c8c,3090
0x4b250298d24bba70f738692c01924d12e7b2d089,3090
0x1626c8ed285ba574a5bbb7595aa6fe348ebdb22b,3090
0xf008de03a1a6647b53c9ec0c71376da5bca687c9,3090
0xa048ebc50f0ad79cd1475bb6e02a866747493e27,3090
0x2b21282417c0d46c31e6f72f8eee581dee285750,3090
0x09091e0ebbcca34383d8bb1e8fde795aed1cb951,3090
0x43fff20076f4d15cee0acac4714483874fce8c16,3090
0xcdc38f4c1ebccb80b7885d819365e897e2e4ad61,3090
0xda01a038bf715bfa4aaa119371a768f3972b5a99,3090
0x772be94ac42b88c4d97ae5305845584b3af3fe74,3090
0xa71f9252da4653be90068f1df8a480c870d144c3,3090
0x7686039c98a4932c5eaa14f93744938930b9586d,3090
0xc650fff4f69e10307b10ffbb4e63fe76a4e0ae95,3090
0x19ce57b670121e73e43be6c2fea5c254bb4c8760,3090
0x535ed5bb0105179739786e7f3e92c154c607ab9f,3090
0x5adf1c982bde935ce98a07e115ff8d09254ecb1b,3090
0x3c402b4c588f7c0ceaeab6914b778e97970a3876,3090
0xf6539aec048adb0c4bdd922e07bb235113c77b19,3090
0x6217e13578d8f88f3729c1394293c885c275f0d4,3090
0x1e275341e66d59f854ea3fd14cb622657da84998,3090
0xfd37f4625ca5816157d55a5b3f7dd8dd5f8a0c2f,3090
0x37eecbd0a5dadcd8a73d742484401e3ca39f4592,3090
0x0c584a07abd7a50ff1ebc7df956697d4ee111b23,3090
0xeefec5734f649fd1a356894319d3d7393b6b0f8b,3090
0x464b40a24e0de4071898b24050e07ecdd2d55f13,3090
0x713880383855b5890777386a386e58fa24a87b61,3090
0xcb18fdd7df4559fd1dfb25177a72f7217412eb39,3090
0x68463b45ed0e9fc33ac5a522f79d18b7393f62cd,3090
0xfa63aca138164ced380ec59bc7f2d6345bbe628f,3090
0xc80fdc84d1a2565ebca1e1b978e38a2777616e76,3090
0x3d432027c11f17bfd03428ebe0351cb68125226d,3090
0x5f0c93b26413084099ac7fef84e1b2d101104172,3090
0x862a0cd90d504dc44751d799a38c43586bdf2ba4,3090
0x4fba94363621a3b86417d6d0b2819583263a9bc0,3090
0x956dc79e177847b0f02eadeba79a9b0849fc0b9b,3090
0x202bdfdb2750df12520e7c83ad3097a7b9c82976,3090
0x42b3fc1e3e9766f719344a79349b1aec05cc129d,3090
0xe120adfc210eccd020f553ea4328b3fbf89c0e17,3090
0x226e7dd7b3524bfbdf21a0079d51dfb350daecdb,3090
0x7827b0c8e315a23e407e54bb903ea9ca37039e55,3090
0xa95655263a3a46a5fc18d2c63c8c0052212814e1,3090
0xb8458e2c63895d416177cb9922f1217a767415bf,3090
0x7db78fe2cc872a42eb50aecfb924baa811484f5a,3090
0xb9d59e5cd59e7631237ea3052f2c124759cb829b,3090
0x4612a6db6d922a73e30ba098c0e874a8e24515e5,3090
0x6da0a1784de1abdde1734ba37eca3d560bf044c0,3090
0x1ca98e3fdbfb777ececcd413e202b9cd2becfa11,3090
0xaeb2f0cb199bffdc3ede3c1a291276601290f015,3090
0x1c9e2a414082194ce3e594b2b763530a3ebcb244,3090
0xb9c8a397e38d5218272dea8ef5ff59e2aecc76c2,3090
0xec24bafbc989a9be5f6f0ead8848753b5e4ae0b6,3090
0x747a5c7943dbe90e91fe91f31cda4d38c458b55f,3090
0x12f9c94fdb64b8d07eaa4b302d97914e455ee335,3090
0x43a75d87479df215bf316a8903c93d449d19f5d7,3090
0x94551e0ab3e8f61cd98684e64201054f03fd07c8,3090
0x04d472b816fc47d47e147825a2e859f90270ddd7,3090
0x05a660191ea9b2940139e5ad090a972706db2d5c,3090
0x34222528882a34eacc5a1b3607996edfaffec084,3090
0xe8cd832a067869379f3175197e8fa9ce04a82d70,3090
0x3b66fdb8644939050095808f37bbaca31533224f,3090
0xe8975142fa65150f38bbdec426cd978f9d679196,3090
0x7d0b835f77c20f74c20bf4532e01f13d9d8f2d11,3090
0xbea7ca61839fe205b01a1b9f83635aa9d23b0b5e,3090
0x984195f93db193edb0023f321fd1a4e2278c43f3,3090
0xea806a9aceac4463e9ab8bedea6750c533bce573,3090
0x559de1ba6965c9477eaff316954a21a743e4c884,3090
0xcf3a26bc98914e091f5c72f45bf153945cdfae42,3090
0xcf26fe037743f56dab8f9ca509e9fb7f59071bf1,3090
0x68ec6ee6f8132aef84ea47f0fad036ab1352c766,3090
0x6a7415b36133c6c3957e4772b8009068e170c648,3090
0xba14aa9543db0d09e92614394e657e02cfa8c689,3090
0x9105408bf2d3e0a69542a0f5ded1e6d6f117f3f7,3090
0x7553c1676df21dde523a9c47c734fbcb1b071302,3090
0x3f18715e69ff6f0ffb5e8e11e80b21a8f7a69e01,3090
0x0090720fed7fed66ed658118b7b3bb0189d3a495,3090
0x86c3081b30d09364b1335813ba13c1114d2d395e,3090
0xbb25a2a79b4e591d207117f6d0285c0b7fcabb68,3090
0x01b37edd07ea71eaf552b6ef1b8dcfbb328e1f39,3090
0x21ad80007ada4059d8abde6a0142142ec6a89096,3090
0x9d68e88aaf9ee8b9d18335e8b29b0b45decfe34d,3090
0x255148be130862531729937152d82c51142a5d56,3090
0x0cf68416279c2a9bcdd0fa6cc4e0347ac3d55d7d,3090
0x8289432acd5eb0214b1c2526a5edb480aa06a9ab,3090
0x141851ca7ffbead76491b365c3515bf5bfd9efed,3090
0x6d7d982eb8b4c2c20236688789921f83f245a96b,3090
0x0b7824ba4ebb7947005848a20d28ffd2fd872cac,3090
0xc037f1bf7f35a3d60d312abb178e077f334e29cf,3090
0xa82c8164ea533a64e6cdd41a94b1b30c4449e66a,3090
0x6b4bad9e1aaf17279b7956f7af47092e316fcc29,3090
0xc7b44dff84b313600e5bbd4d1aa9a0c1211fd1a1,3090
0xe59119ee7093d905ce1cb278a33deb06e0d5118f,3090
0x80d6f4bb1320ff7d028f19baa0925cc5dbad99b7,3090
0x4af973cfda5b152de7c7916b004e9f65f4803822,3090
0xa04024a5f1caabe6588a306554262fe4e8653cc3,3090
0x4b82959fd6db307a1b7347a3314606394e5e32ef,3090
0x5bf4ddc62466431b341ef7486a35dbc64f30b8f6,3090
0xdbfcac9ebe08690cf9e808188bfb55f1ae7adfd6,3090
0x9823f5d8d6e99a5f458e66be668ca8f36fb98f1e,3090
0x150bfd1952b4622e12c79ce80f84694a167e1921,3090
0xaa2bde330a0ba6e1a7d5f954b6bedae64ce5f7f4,3090
0x3c28588d3e1c2a0181f547fc3fcd65bf3aea09d2,3090
0x6aecf5c79c3d5cd028e2fd9c616ac5d2ac81f01d,3090
0x21c6553a199a9c794aa77ae8a8d80751dfcdc0d1,3090
0xc38ee99b7a3a9df97601be32de37afef7d4b18bf,3090
0xf7af3dbf13634e3458174f6857c5468abbfbb222,3090
0xb395923615895853243886876312fdc989412d9a,3090
0x768eccf4f60036bdf3682b33016900a4e09f0bec,3090
0x049c35342229879c8ddcc54c7ad743b1d823ae74,3090
0x5a927ac639636e534b678e81768ca19e2c6280b7,3090
0x1d8e4313fb67eeac9599bc3bd4be505c857b99f7,3090
0x27d6d8b5e28f58ea2ba31bca477d78e24c8cc1ff,3090
0x41da985b880835d77ca3e927ec241fb4627028e2,3090
0xd193bc9460b839e2ee3b5ac5ac0477bcc7ee2db5,3090
0xcfad0dbfe595ecfbe11fb9d937f4c33d51ba5d89,3090
0x2fd3d827a4961ca447d086accbea033674ab34ff,3090
0x78dd24b4fc6e20e76101e086f84b36eac02b0a04,3090
0xa312a2a835bdcda893020ce23871470ffd26b990,3090
0x26499d961876e567bb0ab4c02876de6d70d178aa,3090
0x96d1aa0f26ae58b4c138e18e380582ba91b63b7a,3090
0xdaa83039aca9a33b2e54bb2acc9f9c3a99357618,3090
0xad33e8b7443cb6297bca54ae2dbf47b9b38df2a1,3090
0x777c47498b42dbe449fb4cb810871a46cd777777,3090
0x250627da7bbede699f7518558ccbb8e3ef825183,3090
0x81ad1a19187f0f3444c0f8bef98ea49c1b9fbc03,3090
0xeaa68d85e2c0ea3bb0a7028c45ae04943fb14819,3090
0xd2bf6410050142a0318b23adfe038db00de31608,3090
0xc4abbd82cb52a7e7e991e030344799acfe013c95,3090
0x84705e94c98184b2d47026664cfab2c38cca1bf9,3090
0x700b461d7eb9a55cd6d0deb3f9137e06af22ebff,3090
0x0462398a0217f99729b7e604a0b9dd90340afa81,3090
0x3dd5c95a928e52666165805bf30ddff9936208a9,3090
0xd1642fcc093202f30e64d28eb8de8d0714958f8f,3090
0x520be8f2fd27226499716d18ec70812b28582d66,3090
0x86858c0368aebabab2ace18274808473bae5640e,3090
0xa62649da86cce4b2e350fa314d7f226a083cab46,3090
0x73e0080b5fec1e1218c87437ac0bc38fe24ef54c,3090
0x3cc56ba84ffbca5c89442d172739c666b3a8fdb4,3090
0x59abf55d8cf2db70d86defaa791fd3ddc86fbfb8,3090
0xa686e78bc71a522617418a0b062701d164a4f561,3090
0x45f50899222ce9e6541bdf9dffcde7554287fc98,3090
0xf8ad3ade2d9f7d2128756b5d7c3defe567de5125,3090
0xefaf9e493ae648045b8b0205230b307a9a5b42bd,3090
0xb433bd93077174ea03a0cef00fb6df804864f3e5,3090
0x2a1e8bcdbdd91027a59ad0f3f3251cd574273247,3090
0x079ee3fa32d432d4033c42b2e06dc7092b86d84d,3090
0xce9e9a6fc66ad2e705f5b98d02e99387d12761b1,3090
0xa035a4210084bbbe64c0f54be16fc597dfeb7ee5,3090
0xc1e4b343eb44882959a03e8a86b33a0339cf25c7,3090
0x1bd213fadbd01c797c127e61e9408bf79f688ce5,3090
0xdbe78dec8de11aa9b12c05996bdd1f6d0db39e3f,3090
0x288457ac35bbdf035845acb7f2a310bbf7a74c52,3090
0xab8149790b9dcaa9b706321dbf04c9849e827a05,3090
0x71aeb0817be0979b6ba78c768a4db474bdd742b2,3090
0x50f4a84889d2ceda5ca92a66d10640e410456c5d,3090
0x1ecd13f2b981414c3f788c9f435abd8df35caf35,3090
0x958c20a43f5206f186b0195ccb61acb724b2ee1e,3090
0xe2bb7f77bef73b6c4bae8e9460462cdfa5be151b,3090
0x0f2afb16f69f43c548bd049c46e3342fadc8a0d7,3090
0x6a265c0cc4aba808f1756825d9e4d0123ff14603,3090
0x33fc2be5563e3c02a3e127f01bbd71db472aa613,3090
0x0ecf5262e5b864e1612875f8fc18f151315b5e91,3090
0x4311e583bb30d9f8d62dd51c465272edfd2c0aa6,3090
0x0eeca95c58919b1b96bb1cde61a99f9d7571def6,3090
0x59f4b09aa2b963133d5ca84a4dc2ba51ed495567,3090
0xdff8dfbc3f78cf7851dca318bd0b93b68795d6f3,3090
0x56e0072b934ff08ed36cb42b8148905504efb9fb,3090
0x70796e8deea0cb8a962917a22c3883f0f595664b,3090
0xa162749dfc0b160acb88351c1490c4122c149987,3090
0x67e906bc04639a90c641cbccf69f57914b11c832,3090
0xcdcdc174901b12e87cc82471a2a2bd6181c89392,3090
0x5935e571d453477e659d025e5fb9ac603e701bfe,3090
0xd271e65ff057ce4ade07c52da78d54b391ad4dcd,3090
0xe03213de48b86efc282d2566bdb539d4dac37cf1,3090
0x08a9ead5bd9af49a1f777a9f15929871abd684c3,3090
0x7814b85bca8b75d4ff0e3e6e9d21ade3fe732bf0,3090
0xe36b8df3ca3be4e7c76d3b963972d4929b39e03c,3090
0x0f966f7245b347b0792bc991e992c627b8eff5bc,3090
0xc9de7f64c205b8ea8b36cb85bf4325d2754803dd,3090
0xdd4b0803d8cea3095b8d4dfc0c753a1fdee945b1,3090
0x25705866f40355ac87e736d1fb6a2d99f5468f8a,3090
0xb6c8b64919be79863b052448f42050de4aa0a0b1,3090
0xbef65bf144bdea1667a74f14ad552c751ad4c056,3090
0xdd61b860e1cf7a8d613fa4432a1a2c9f0fb27d48,3090
0xe9bd1d46f6a6453a9a4d16b99eecd88d733a3bf8,3090
0x562e1236ad1bd5be28cb78bb8d6adf9b0524d4b0,3090
0x43f604d0434bf6a95f85641c2b001828b871f6c0,3090
0xcfbf34d385ea2d5eb947063b67ea226dcda3dc38,3090
0x704cc226d514fb5ceb64afb60c7fb832672bd81e,3090
0x08d1ec6c758c67f7e293fd6f01955ba82461d85c,3090
0xfac1fb14f881ebe0327278ce376ab0365b7c9fba,3090
0x22cdeca1999c2f370553eb219725462fd11d070a,3090
0x06da92f4f1815e83cf5a020f952f0e3275a5b156,3090
0x5a5707185e614a78da8a9cec3fb994c1cf564910,3090
0x4557fd0047e4ba836a4c62d43355a677e4229509,3090
0xcb1d3203481dc82cc25f39de87729e0b2d6f26a8,3090
0x85978b7cf8c19ebc34a44c33883650947c10a2a5,3090
0x519d39beb31b31ab68ec48dc2d80f657809e93ca,3090
0x7f232d15eb9ba8c5b6cc9f7c2f991d572d9d06b2,3090
0x118108b3964489e138db95212c462f7f572351a8,3090
0x02b903d60b56757cd7f2782260ce855baffbe10f,3090
0x929393619742c00a0cb9eacd9aebe0bbef064588,3090
0xcf414cb86f4482f0b91a225ed2f724ab51952e2a,3090
0x465c63680f2a0b4277d9b4cecc3f3310e531a77f,3090
0x1fd0e0632b6a0a0857089e64b910704249de536c,3090
0x4050763a78575754fac3a2683541755bc0ebbcea,3090
0xaa4ed5b76106e9c388b71b7551f5c8281e16bff9,3090
0x5e4d8288be97caf6412e014c523b272d05c6ce86,3090
0x2eb2478559a8c62a32323b14b4f9318223729b66,3090
0x8a18e8e7887419bfe9c18b8f09554c86498c6dc7,3090
0x7a55aae410ff412f39b023e9b5e2e5dbc9a58f68,3090
0x847e9ce3516cb8d320d37e4bd99fcae851acdd23,3090
0x33f1b76dfed61372bc29de2612d85be54ec795e8,3090
0xcefe74b99230feaad28db3a278c72f3d7033a550,3090
0xeb95ff72eab9e8d8fdb545fe15587accf410b42e,3090
0xc8aeb4c273583befce25cbc2a6d4a5c33e67d308,3090
0x3c3bdf55fa2b325668ae333d20c97bc04082b477,3090
0x7320b85543ff8c9bd9f776dfebf223373e0d3162,3090
0xcd9b284295cfaea23c2fb97e300ed785165b7b59,3090
0x2270a4ca23614ece42905045b1ff2cb2a396c4ff,3090
0x11bc6e6e4739c24332c5d384f939f2da3c06b130,3090
0x8bccacc8afead4e32dc7b437112fc7e3bbf75912,3090
0x8e8d5fa4f8b6898516aba2eb20d6de1ec2579a41,3090
0xb294dafc5811ff8ca0c85691e3f623fdef3b0d0d,3090
0x04a9ae552e5c43cc6af695797c702795871d4c8d,3090
0xb5fc54be89ad1dd2e56c685f80cdaa77ffca4f60,3090
0x5041fc8ff3ecffcc0644220401090e921e272b77,3090
0x70d04384b5c3a466ec4d8cfb8213efc31c6a9d15,3090
0x4fde283b56af86e07d7a0c5d764864784116c7d3,3090
0xc24ee0387837298aa7a7560b77617322240f19fb,3090
0xe6cca508d184f675bc31c16ea6cb5f0c2d3c4ae9,3090
0x9f52dc7e983eeb30bfafb9de00308f5143c60525,3090
0xfa6b3df826636eb76e23c1ee38180db3b8f60a86,3090
0xede3a75aca635c531b6198c230f3da67949678fe,3090
0x484eb1b37fa1b6653b3569f31bf219d96173ad83,3090
0xb5e2d724670e050dd95ac678db818465d74ff084,3090
0xa9d1a5ba39e3182775d6f68db7467f926bbaec29,3090
0x4bce80b3fef7702b953652656290cf8ec6019154,3090
0xc3b52d51b493b5da4d51627929f4fc38fd51eaba,3090
0x548d284fa71b6fbfa89b914672b20a4b64112d33,3090
0xcb9348783f15c583f1aa5dad281847996dfd5e94,3090
0xf748d693b2ec184c297984ac77e3a53d0be2435d,3090
0xe453939db7e225cec889f2f4543d8098f143fc85,3090
0x0a76834367d68b35457bbcfbaf5ca390ab2b8d57,3090
0x44e156cbb4506cee55a96b45d10a77806e012469,3090
0x0fb75c54038130a4bfb753c3aaaa21266625cc98,3090
0xf47cc74b26d2c7b52c0f6c01b39707b4d5e5d34f,3090
0x98bc3ccf9d19b8c66aa89c2cd9f44b81d98ce6f5,3090
0x659f528b499913ff4be78a8905f867b72c3f72ae,3090
0xfb50a94d5ca985e349ff78f3bc401cce9c142d35,3090
0xf5e9a212c15aa67a7658048f59ec3e88bc9c0ea2,3090
0xd92e10a7260a8aef6bd5bac475cd670eb557a7e9,3090
0xd86f1ce38bfd47cf19fbabdb441f688d34874708,3090
0x324b20ebeb27d3ff25f684ec39484b11ee010f37,3090
0x01aa7201c098ddf0517a60390d648c23be9d66bc,3090
0x4dba8dee52ecf647979676c4d34c6752955d77ba,3090
0xc64eb3ad8dfddd0e37d6f9eb321221bec2c2265e,3090
0xc145c6e479b81c8381e960e5c13858cea87a622c,3090
0x0f15426b3cc12bf69772a60cee03fa2da051bf6d,3090
0x0884815ac13ef5af2f4ba8fa8be97a2330e828cb,3090
0x82a37593514485dc2a0add90b858db01902849a8,3090
0x990189a4e4d6bf1165efc2aa9b4334ffbbde384b,3090
0xfb69abfadd1a6f1929e988f41d2aab0d09c48e63,3090
0xf49fad3dd582a2d1648269092292233ccd58d56b,3090
0x20fa58ab2e253f49fbeef80d10ad9a19cf3357a4,3090
0x42bd86fb5dba4cc6234f46bf52b8634882ffd272,3090
0xfd27347ee4eda8b2371135185aeb828c85d0c54e,3090
0x99650a77b788d0d8d767c485afa758ebeee618cf,3090
0x8f9617b9a020d96406a2aca3a2ac295a44c77b1d,3090
0x174080d6bcc56f540691b3abc57ca47c15ad4c71,3090
0x933244064de61c58c67f109909d4063309d1358b,3090
0x49449f05ce1e4560d9c39b1911b11d3bf12bf1ea,3090
0x63d4d26d4285f219182d5af14006dcfc68af1cdc,3090
0x961c0a997152f3b99b747d9d6ab2a998e0f9408d,3090
0x390e29d45f47c352fee126165f133ff61a282ec4,3090
0x90744374579fb907a55de99fe97ed7a7bf8aaaa8,3090
0x2ee16d52ba82b338e5c19bcb4a12ab7bb74ee401,3090
0x0a593918bbb4ebd75c2261cf77c46c1381ee9102,3090
0xe6543e28ee030ff3b12b964030e847798519a024,3090
0x416e0c10a3760a35f1891455f30e415e96fbd779,3090
0x8d761f09d42f8e465f121452037a777e3bdb652e,3090
0x368f5f0e74edf6dafb1f4043edb160bfbf172ae4,3090
0xfd8164542c45a77f75908f45452a8be8f19aabd0,3090
0x58f6e5e38c1197d8bceb528885ca249ab4297a3f,3090
0xb39130da64081496f56bd0cb0f0343a3cccc0692,3090
0x110d8e85ee7da495d60b956bee090e940dbdb7f5,3090
0x7e670b3a398338d7b4b923b339f07802cec4faa9,3090
0xa336c5931a780966ceb6791eec63f0f586b489ff,3090
0xe51dedc9c884a9169faad63bc560b5bbd2c1c490,3090
0x6c70c35d1745554b9b3925ce4897355f9140b4c6,3090
0xbddf0015797d2f3203a5538db561dee2625f6079,3090
0xa8666396bcb12c2c738f7a80ec95e96ef6c8d287,3090
0x1b15d87ee11e9bd060b2726d01d7bdb501bd30c5,3090
0x88adfc5eba1195d163e8d5c90fddee4b0d436af4,3090
0x21c7c0b5c5e7c07698f5df84d1586ee44e08faf5,3090
0xd5169753489fdb542e24caf800fe18fd3c5ea539,3090
0x3fabbc9cf512a5d57b6130497dd0ac3e005f9615,3090
0x7c6de6359b3c8fa84b6681344641266e559542cd,3090
0xa13ca02d1525d6f5db03f3fc9b96a88ab2146506,3090
0xed4694025d06e8b1230d4d66a92e7995e93151e1,3090
0xbd3724ccd95a37f696a51fe6d83457b463cbe200,3090
0xab50ce0cc16b3c4b55eb0507a268793f05ac50be,3090
0x3501a3f9fb15256416c95269db5aef86f5095737,3090
0xf6be0f9fde4288ae4a0450dc2ca1a458b2615925,3090
0x12f8026072fa10a5796deffe7d54b9ea42ff9ccd,3090
0x72c387b5df8ba3752520b361896adfcd6af3b6aa,3090
0x959240ddbcc89644ce3780b0aa553567586e0440,3090
0x04573ee7f488e411eff8ddad07e0e32770b2d968,3090
0xd9c667ebc6f856034b325ae3161dd11607bca9b9,3090
0x800f86e125503e8b0d813b3429dff1fe78a67c78,3090
0x15a53ac6e4bbc4a79ce3d732bab1308051c30bf5,3090
0x2f7a4aa29c725e5fc46d617f17f724baeba69cb7,3090
0x0000084397b6d03d925d3deeddea90edb4f073b4,3090
0x04333a1788a47068b9102d2d35695c312a0b312f,3090
0xef18910e8dbb848959b201e43edf76e417e22383,3090
0xeb0836820d6efd24f3d7ca317c3408d215cb6d0e,3090
0x198109b0d2c786a230d18b622d3b7a1946131e09,3090
0x664081c28b0abc8bdb79d1e0e0007075c024e7a9,3090
0x9da6b5ad2fc347d4bf0a6e21bc69b7f5987a9153,3090
0xc76c98908b688ffca316700c2cd0c1dc6107a20d,3090
0x13a85d9fe2b1d6cbed0c90572122fa27ab19cbcd,3090
0x06b7bcf12e76947ef2de5fb1e061b5596ebef3bd,3090
0xf2fdd66e7e46449e3d7607ce1de96d8b18a104c8,3090
0x8c7497bfcd8657d7f4eeb03b124e2c721259ae91,3090
0x3e3e88e34deb2b6273c9f939b3e0e3a9890f8d60,3090
0x0d1f2bd5351a65a78ac0bef3c8faef643c046508,3090
0xd3d6a2beea31085da6be2a874618d466693399f8,3090
0xaac60c858895befaf42378467bc9f3bd69c5efae,3090
0x6091a224ec0e8bae16125603d179d9fce7aad641,3090
0x66e33cac9e728779e458d5b41e5b071ddec7b33f,3090
0x46e28c6c02f2430b2eb3faa88ca97fc6b5faf335,3090
0x84207c1e5127a02770b868509fe9ffe7895c3b21,3090
0x4c9978504df77a144dfd07cbf28019cdf6067bc5,3090
0xf8a0cc01fa51bc684e678ef8cb7ea7ef6ce0fee1,3090
0xfdee37cda2b51624a9e2d4904ff1f544555bb808,3090
0x0b1d118724fdd8161cafde781a40179e2f6629df,3090
0x3380a055844cf74e7704e6ddddd44e9d09d2694c,3090
0x4b064a6c2d902817ded621f58f03f9413263929a,3090
0x84e1056ed1b76fb03b43e924ef98833dba394b2b,3090
0x0ba02f2ec9d856308827e33d2e3438a2113445d8,3090
0xf3f37c9fbaff8772ac1ab28442eab58879f4d8cf,3090
0xc5868be321bd3c514042249eb6d4152bf9c1d394,3090
0x989c3035f4e740b51feae405c446dd07c3feb343,3090
0xe24d09485404e2518b8df5ad2c7e54bb32ff23ab,3090
0x44f6113ec33bffd7b8b8aab43a774e996e8f224c,3090
0x8f791f061d7f36dc07de081ad88f87d71be1585e,3090
0x6950e3624a3d58060895c55fedbfc584e21eab11,3090
0x84eeb7db3f93feb5a8a98f56dabb970a6797c187,3090
0xf91b3d610900cae9a45fb894cd74407022035d05,3090
0xa02516f51b8eae2d40a52e28ef1e63b9707fe9e5,3090
0x911b54451403b08fbf74f7fab18bd4944ff9b586,3090
0x82d746d7d53515b22ad058937ee4d139ba09ff07,3090
0x16571a6e792066762a5924f822aadb1fe6802d33,3090
0x947caf5ada865ace0c8de0ffd55de0c02e5f6b54,3090
0x4c4f365f6a1f8cce0f2e649cc6d7641d3353b119,3090
0xda11c7475da3d28bc7f041851e640ff88d00e9b5,3090
0x12789c79ad0499cd9b93ae56d402c4ce4840b270,3090
0x0e467a0288a439ba2678eb7d3b0b64b01e2bbbfc,3090
0x39c02d9498f43d089338e104ae031de0becc5955,3090
0xe20d0d6b62d6bd2a536d21654f682f28f78f8f66,3090
0xf3f8f6f938b1014a06c2747a7b260e90dae9f195,3090
0xbb4cf426657057309615474dcdb41ced05ca5c5d,3090
0x7bc300b2f50435476f3c7972007f6f60bed960f0,3090
0xd948d0e71c47dfa0743516e7deb152a89306a864,3090
0x7c34e5de991790d56b62903134cfd3e57b522e77,3090
0x1f64d08198991c3c0d794d2fc52c458ef807787c,3090
0xbc47b09b71b00a506c57312485c93ed4e7533939,3090
0xfb1d8c6fa0b9f9fc30933515a4e3eb73240d2914,3090
0xebaee98e67451beb714990d2851560572f78f581,3090
0xc3fac1e2d80fa7524731697b03f319104e0d3831,3090
0xc4fc57dedd2463314a3fd2dbadb86b4404c257e5,3090
0x1b6907828b602a92c5596e125f4c46c3465a44ca,3090
0x372e0d4156b4d0659ea46b91d4fac17dae031e7f,3090
0xc9e086343a15ff2fb8a6078777fc49f31e3d48bf,3090
0x956e0f4b7451e957dfc8b25c422e40fd016029b0,3090
0xe6f54fb2c2da220731d1fb6568da586512914dbd,3090
0xbb812581c6c485416119b14e8c7be7ffedfaaeff,3090
0xecba7b10376c70275878ec869783cac7358f86da,3090
0xe9bb1532e4ded8f5ba5f72892af4e9f96cde4a66,3090
0x29131346d2f60595b27a3dad68a0ae8f82b99aa4,3090
0xe330262ce3b9ae1e58c60d6c60f68d9f3c3776ba,3090
0xa7ed40bb516d24cdbb334e92f09e9a8367205a55,3090
0x4dbc389f26434fbefae8a051c166d68944934eb8,3090
0xeea61fe6bcb6459087121553a8e4f521a4c96706,3090
0x4cf5f7f034990e54b47c7af93259f2b7d9be1241,3090
0x71b34025e4dc4c3032baff945f465aa370c63bae,3090
0xc14fb3f6cb9fed43021f57ca6092feea841978b9,3090
0x019b0ee245fb09aaf92ac93ca3309832b7974681,3090
0x9573b4393cee3b83aed91707f8cc611999a77966,3090
0x074392f8e31a50c3f41376d47c59587b1890c4be,3090
0x2e6ba5de691d92a36c880d8c101ceb07bafbe6a4,3090
0xb5f39d7ddbf6d2a1a2427c222a34f8f13a598bb9,3090
0x197dba92384134913debdbcb4b51bb5213558fe3,3090
0x15c428d154d71558cf18446058428f9788aecbd2,3090
0x04baa89f40bcfe5ea69f78911a710e2cc5fffe4b,3090
0x01d3bb63caa5f10b8f4768ea7de17c4766343783,3090
0x4d6823b083a7d03bce47d50e224903016353b6c8,3090
0x84ce35c1093c366a8f55e9bd5290ae7e32b486de,3090
0x0ea41e3278f6614320a2105790abe7d4922213a5,3090
0xa5d894b30ddb98d440b3ac002d67855fca847f49,3090
0xd24c52cb78242a4c213d10247f75ca7abdf87d06,3090
0xfaa38054dca989a74fc8894f0a11a3223b613e96,3090
0x0b30f09abc1a325b04ee47b259f42b70d0fcf0d4,3090
0x6d279bec4d0a56357c24d2db5f8ce4240e59a1f3,3090
0x75366d595ab62d53ed44d9c1de0ab276ddd24a3b,3090
0x7e07064e5a921a57eb29c22f179b20513e8a3485,3090
0x918991dae297d530c45829db90b0475eb8b8674a,3090
0x8064d8e5bcf0e9986cc0febb25601a0c2a8524a4,3090
0xc6217f59e97d414b2c47ba59d1ab58dc50bed11a,3090
0x589ffbbda0eacd5a9c2ba208b379c886b2630503,3090
0xdedb8cb0524cea05a85840642f6c4d49d2bfe614,3090
0x4c31a03f32d263bad138de520d3cc27af4dfa16d,3090
0x20f97934db7d6f58a3f3f8ec1e7020497277a19a,3090
0x08ceb8bba685ee708c9c4c65576837cbe19b9dea,3090
0x0d92c05f9be7e5e85c93e50561288bbb1603a028,3090
0x73ccca7296dfedb88bfd68ceda833d8d79abb35f,3090
0x2667b25119e38e2d308ea3685d67a38a4f8021a5,3090
0x496d658a8f0fd654f7d54e6cd16be435de5c6956,3090
0x698a00c4546432b2ad17629ee68b95783800321d,3090
0x66e75e94eeccacb8708fa9c2fdf93750d770b0fb,3090
0x6608d47cf69ae3509c84d497ea60338e84009535,3090
0xab4f01e48d3304516ba6b925132d8695ea4fa657,3090
0xf0c918075629a826e0775aa69fb489378b67bfe3,3090
0x0781cbb1bed2e9e6852a4d2f986bbfb89c74eef1,3090
0x5cc3f81a202bfb10e0c3190b5b71196fa2be2787,3090
0x37b8b77a6856d93b7d3a6a52d9e3756f900e4607,3090
0xbafaf5403bddd2fd1fad1823a8e1067799d70317,3090
0x946a9ba3c8c3eea5f9dce3c65a0d77850187cb1d,3090
0xd4418180f8184255ee4ad197aac742671cc462dd,3090
0x7de937b260515f2985748e2c6ee9c20a747badc4,3090
0x1e2805067f1145bc80e7a151ccd4b0ad9e97617a,3090
0x3dedb545e9b89f63fa71ab75497735d802c9d26f,3090
0x8993209ac004c637a98bfb988a6a72587c392fda,3090
0x76d018a493e9795d6a6331b0bb6472977319638b,3090
0xbd937f03df7426586c4b6ebf5563750aeb2fd865,3090
0x41e12756498322b479f889af2b2f4b29a85d5605,3090
0xbf1a3fa7820415eaf9354703102402f7323c258d,3090
0x446701c1665561f27d651215ad838a9a2fa7adc9,3090
0x6402528d8c0de901c7e6cc14e68f8e37d691fca2,3090
0x14b16ab34fb80f7bdfd694394600898416a1821c,3090
0x2e5ade6cbb0a595bfb2911cb57f98abdc3d95397,3090
0x5c97d856346c936f6c87cf10089d911037a1d103,3090
0xc99dec910f607721250dc0b6b233b6d7ff56620e,3090
0x095ff8acd86e3c3f52bc4705540a0803ffbaeb37,3090
0x09862067ae55d5c84d66a2b7844c7f860c3b5ec5,3090
0xf55f26ba6132dfd41217bb87c7d4786f7719acee,3090
0xa4e0371cfc77ba5764a4238deed6a362cce56498,3090
0x40ba0ce6bfff254e7bfccdd71b4d9c206f175d5f,3090
0x6bef00f9a4e80b22d69b1b0d3e62687526bf3a9a,3090
0x58b2373fc648cc302763d557231369677fe037be,3090
0x0d4f1241c6854e6f9d99d404807001cd1cc5d0aa,3090
0x0f0a6119674c021f490de259c463cf351ff6c417,3090
0xaaa8450a8fb296b21f4ebe27598b40a750fe3ad5,3090
0x9b1cf1e08d5851b47d9609a236928d15363e7e94,3090
0xda896b4f6fa4e39b771971328ef485e427b30168,3090
0xc55eba3224a99249ea0b59d7a092eaf04e38caf7,3090
0x27396a5e6f1232ea5e7277baf6e0e291bd4f7fb7,3090
0x89bd909e28de1fb35bab2fc245aacd9c74a956a3,3090
0xc46632903d38fa7df8be14700d49911233920648,3090
0x6b3210caa59c0367edc0b0e60636db02a623ce58,3090
0xbfb19388b6ff083ebd988d345aee9e8904c701d1,3090
0x9c8a83a3e334679e2c31e10a51a2c2075ea15c3c,3090
0xcffdbbc498ff95e3965fced92cfe6b5d1ea93763,3090
0x635cdcb04f96a5fc392dae86a4744b3fcc25b114,3090
0xa4ddfc5f91f1c0b0ca53a76f805cf47ca8c9b4b2,3090
0x5bcec71723bebca19ab1d91ed816950994f41f5d,3090
0x9e866cca73e7c7a18c42457b25caa45d8d10aa5c,3090
0x3540d804e6124757a49b805e944b48d14cb78b74,3090
0xf4844a06d4f995c4c03195afcb5aa59dcbb5b4fc,3090
0xc8b1f728778812ca5f7fb5595367b338a6a4d80e,3090
0x45388e4a6959b7b1e8b2e0abad85b9ddd2d96e56,3090
0xa37dbf5c638dbfbc4c5393732ea0f5d72ded14f2,3090
0x479a3a31632f76eda4a029a9e3a64628350b9e71,3090
0x3cbe0873e8328b5e03fbae10afad8a01a8d5da1d,3090
0x47d2b6d9c730a36e25b412d206ac696b02c60ea7,3090
0x982825639092f90dec1c3676d397b55e03bc7e53,3090
0x5a6d65b568d15e881c2128f1fa14815f4cdbfa60,3090
0xb5cfb001cdf1b1929d5028d54246349671ea0fa8,3090
0x186b071c33ec839eb68aead83f53a538ef44fc42,3090
0xec2a49f1b7d5131c97955e77fa06a36c4c12fec3,3090
0x1f9a4f283979c0a95572a561a6d5ec467a9c15b6,3090
0x0ecf20d42fa2d5498a13e637418098124ab56b7e,3090
0x1df6e2636e29f50e29f4fb1ff7a9b1899108b0c5,3090
0x26ef90b47635e2950d2d3f45d05fd59faf49445e,3090
0xcc80f538c43b493f3c602127d2db22a22e3c9807,3090
0x49f8691596be4b9aa9d7d11634fea57572839771,3090
0x4cb35089cbbb1a8a46a9a7db8694cbb048239938,3090
0x3986ca50f1efb7abd1a489b6c902b02bf5851b84,3090
0xcf31628b672f2eb1f9ad0be3369bac4e33813544,3090
0xa2fd9cf1215a90bcbfca201e2224fb2fef7c817e,3090
0xecaa914a73e06624ee8689039682dc619a45c97c,3090
0x7d6436dcea657ad0265f03f1818e77d021ffaf15,3090
0x6854128eab7e44a54bc74df458b4738f844bf94c,3090
0xf8b4482034cf37657fc80ab491b448d1d1dbc43c,3090
0x006c77e68d2ce85db549bac376b4c7283a332447,3090
0xe447496e99a43d9777eeff1597a16f1d426f7747,3090
0xb82880e217478907cc9b1e5795d75d3257608ce0,3090
0x0cb27e883e207905ad2a94f9b6ef0c7a99223c37,3090
0x26f35e0f8f3030907044ac0a43e72c1a17284137,3090
0x83418d42ae83872f195859e0360d937395551951,3090
0x5e3c2f07c8acc3a0216ebeb8071f037ba08d93b0,3090
0xf58fe388d53e9542f0bddff2d1578b13675228fd,3090
0xaf5b4c3daefe8f77331cc4fc0691eed9c45dd865,3090
0x2ccca23fafff58045dbdb93751e00dde08ab25ab,3090
0x2c896a889cf0d756fe43c451c6024959777cfd45,3090
0xad6ea928fdd73a4766fbe6a07098038ba8c37bcf,3090
0xbf5288ca06d08b19885b107d51b81462f3af4d84,3090
0x27c3958424276f1d97c62ed147a2bf04bb601340,3090
0x78a13db8e601771e8d26e3222ba9d08360d63aee,3090
0x9fb4146d4f8716736f085967c412a28856113a61,3090
0x2271fe6d76ab94352ef826d97445048bd8c4d45f,3090
0xd3cae34e279471598341d41ff525d93bf4297ab0,3090
0x0260d1d864e9a8864ae0d0e42245729a1b232ae6,3090
0xe41f56122d44f63c4492096d54d8be96d600bb06,3090
0x5d98609f4a43ed4d36dae38a58365b352109c7a6,3090
0x3f0383aa6e6a23531e18d2f4d0ac4225d45bdcd3,3090
0x79df6a49b559240592e21c5a99e8eccf4d7ea892,3090
0xec8b6b6ee8dc5c6631747bdc6b1400aff08829fd,3090
0xa9bbb4ebd2aa3a858c66cce51d531045ef00631f,3090
0x021e099ab6fa3be65882bb2d0752c0214d8264a3,3090
0xca262fe527abb9e961acb6d97dcb661e8f9dbfd9,3090
0x30e128ad331ae21d467ba3e710cb686fddc2efbf,3090
0x402188962ea35fad1e676c8c49debadac33e6336,3090
0x7f0cee1044269a8b3d809438ffd77baca4d72103,3090
0x575c8a992ec082f3650432de77c1cbbccf568200,3090
0xfb79fb73db2952f9a6833c90c80e6df1aac0d685,3090
0xecb35e9cf20466a3f76772b6053b2dcf93fd7c1b,3090
0x6c1da5212757166fb038455518a205a66e53bf22,3090
0x7102be5fdcd95113075d30a7f473fece02b07b92,3090
0xcee0556c4846b8c49b63d822b8731127860f5d68,3090
0x415751393db82a78f2d96db1bbd841b13e3960b4,3090
0x89bcfa86fd23a5060e552c6d58b59685f7f4fe8d,3090
0x351edbd6a7caa9c86bc6a5f1601ef4f71134f474,3090
0xc995160424e43b7049d492b48b1317bea61933a6,3090
0x0ad5ab29b8aa8a8c7bece5f03cc5efe8a2ab292b,3090
0xa18d1bf832c6b973476a0a8deaf840cce004f4fc,3090
0x1b9ad081e4a94fbb566486f3d86f97a1da1c94b0,3090
0xe06f59caf11a24b3e31cfeb710f97f1913869b9e,3090
0xca1eb03c9cabaaa6249b2a7fa2cbc42491eada35,3090
0x53fdd2853d7bb8fbcee77b0eff77ef7f180ad38d,3090
0xef3a2cacd094471aa7ebfe74a1bf69c847a621a9,3090
0x1bc3c6d3a288efac7574e094ff1e7eb0993a265f,3090
0xe84be646786800efa445aeb94e5ead0dc8df888a,3090
0x5a4df723e23026889d1286c20bc6f2e36e7fe798,3090
0xba177ccdd3b4ba937e6150f8a6b4ff0bf807505c,3090
0x218799f80be2636b45983e1d1333d5163d3124bf,3090
0x424fa6ae7d6fc7418cb856db24b5f460daf572ce,3090
0xd700428703a98ffc1977471abf0d17a59a2f2257,3090
0x8cf985712f92ff1e901c86c194b21e43a4ddc639,3090
0xd7b7a3ab29b3282dc76419bd57776e0e90de8a41,3090
0x89e22e1912d840bb61e315f0dd6c7610801dfe58,3090
0xf8508946af6fe18134eb227c6fefa48dc526eb67,3090
0xaaa54c179fb510f1232054293ef2cf117c4ad45b,3090
0x2bf89ee5afd959a0d45b2622a29e11c3e6a6dbf7,3090
0x2c2180338d791fda929a39027da902cccfba848b,3090
0x8d49f11b33f0662074cd4ebacb69c55041631ff8,3090
0x75b464f5b62cd5a4272293531cb5a9e344da61db,3090
0x2d52e8f152bc792766e68273a96cd82beeaae728,3090
0x7aaf831ad5482f5efadc5a65ca94c1dd1a0b6d71,3090
0x5c70940b0f95609e9f82908f778136b46a7f3e22,3090
0x440872d2a03b546c6b2534860b9ce8eed8ce960a,3090
0xad2a9112ec74b0a97b8d9048dd8078c6d1122ac8,3090
0xd8894c1e2d1ae969ebf93df6e2ff82d2bcb27812,3090
0x4685bb0077179b45095a3c2a175acd9b3cd59d1c,3090
0x9857b0a1ef07bca713866c9a7d1215e69ad9f443,3090
0x9d363fc4bc4d94c135d004f84ca5a44643ffb816,3090
0x5b76f5b8fc9d700624f78208132f91ad4e61a1f0,3090
0xe7925d190aea9279400cd9a005e33ceb9389cc2b,3090
0xb9354777fd3019df43fa36a85e76ee3fe2f8bc35,3090
0x808a2adbd0a3fc679e3f7cd18d4f579bfcaaec9c,3090
0x17cd2559e4861dc83a1c61dba21aa2415ab10ecb,3090
0xeddeb70d30032f3c18e6bd13319c2363fd2b3ed6,3090
0x7032c9a9a3c0c09a35c3d07c38f99b008e8d7f88,3090
0x5507dbd48a5a5bace8a6030e878cc4e0af147c33,3090
0x30702b968abdef89927baf8133d3a87bf757c5c7,3090
0x32802f989b4348a51dd0e61d23b78be1a0543469,3090
0x66f6ddac108fc3c89137a1085e7cef745c39f4ab,3090
0x942cbea64876ff0b2e23c0712b37dc0091804e9c,3090
0xc3fdadbae46798cd8762185a09c5b672a7aa36bb,3090
0x45af1d1d2857e3c2e6a4769a33b9792aeafa87b5,3090
0x13e2ed5724e9d6df54ed1ea5b4fa81310458c1d9,3090
0x611eda0adac972a6b6be89f3f40dac05e82f8538,3090
0x7fdca0a469ea8b50b92322afc0215b67d56a5e9a,3090
0xe3b1c7a434657876c3f35003885f2edf1bcaf646,3090
0x4f2301bf43684d61e65d4ea31cb06f6dca22c09b,3090
0x2b0d29ffa81fa6bf35d31db7c3bc11a5913b45ef,3090
0x80375ead5561e19668eb1dd2b6a44fa14d5eb6bf,3090
0xbe5dca554e58ce63c716a76bc1e34273d21aff82,3090
0x9b6568d72a6f6269049fac3998d1fadf1e6263cc,3090
0x6f06f3e0c98cf106c10cdb54b4164e6a61c070f5,3090
0x471e9b5f89f827045e6d9ec2083a310c27459157,3090
0x74340ce0ec016acceb5b3862e7a6812053b414bb,3090
0xe332de3c84c305698675a73f366061941c78e3b4,3090
0xe80354f49644e7f59152177b26ac93b8f658f3dd,3090
0x339980d9da27b5ece988ee0ce0809bf876d91452,3090
0xdc41ef1a9472afa2dbdc181de54ff7379bcefb31,3090
0xfe277aa25a4f65a182c0ec135854794eb7131e79,3090
0x57808203709dcc04de937bc2ba4183dbfbb03665,3090
0x408f3b6740ef8bda428515d34d9f7b6ff82eb41a,3090
0xda5b74ad80511b0be094604423502b4bc6a43689,3090
0x3526aa586c62cb0439aab04c5f207f730aa94917,3090
0x61c4ec1fafd7147c526a5e20ff2f3219d5aeb0a8,3090
0xf22727dfe1e1465d5846246899f5d411ff3965fc,3090
0x2c4be4a8e562d636889edc52f18019e2c2ff39e7,3090
0x0b15113950546b46a23f38efe8d4c520ac5abc72,3090
0xe0f2ad8575124029c3bee1143ffdd8f188d8e29a,3090
0xbf9db3564c22fd22ff30a8db7f689d654bf5f1fd,3090
0xa5e1c37ad90baacb791cfa18506224d7c50f1619,3090
0x673a827c0df98274fa94ef194f7f9d1a8a00bbb9,3090
0xe716c4eab35c919a818ef6644278ce58bda49e92,3090
0x99c8d748d04cb9f1d744fd0c85f9c31e4aec6cc5,3090
0x108887066628c7be8016deb372a79582dd1e21cd,3090
0x6c1f839c9cbdcb93b8c5b98cab23d089ecd83b7f,3090
0x846c46659216dc2e3c34791c4bf366170b087c3e,3090
0xa535719d40620d23c69a7ac73939ead90142cee0,3090
0x45faf157897550a1fc7939eb41667bbd77b0d33d,3090
0x978f664433abf02b7460f5ed138f8eb46dac2547,3090
0x596540ca66b5b2bbbf9fa35d67fbf336754eb780,3090
0x430d00d7b63715ff5f19c825b750aa20ce627c8b,3090
0xf596602a5cf2bda56192186ca477a19605889d41,3090
0xb80e0fbd6eee719843e5d98f61525d0aed4a2404,3090
0x5f22a11a9027d82c0fee731df067641738ecabb6,3090
0x3aa231df7437e9eec34e53580a285609ff5f38d2,3090
0x8ca52a6b4f838cb3bf1e1a524c63f9b11e9b2c42,3090
0x28ae5ff04bf17a62eaea162882c3cfa00502c730,3090
0xbdb6cc309895f39419a6b7bac167ce152fe532a4,3090
0xf4a8839fd5ca3d8d0262566f9f51624b6f1fd591,3090
0xa2aca96077c5569cabb31cccd3f84721c167fa3d,3090
0xdcfa0b4418d286bee93a4aae752e907c05aec388,3090
0x8a96dbc8faa42b67a1be83bd9a30160527e953bc,3090
0xf55cc9d7f64fbc638be5b5340a7fcc579ba84353,3090
0x379bfe5cc39ab14f98d93c83aadee3be4f239861,3090
0x31f8cffd09f3b17a88123f31e1adb6697f760341,3090
0xcbb171e5d8636be19f1f0c7d793e7f3b95413d3d,3090
0x6357eecc0e8b1d644d46ad5d26719c1a86275241,3090
0xbdab3859e13f3d8a666b30f42d5c08a84b6d1113,3090
0x277e90451f93991173c67e3aff7b283c3e52b32b,3090
0xbac3bcc9a5fd0b8231735dae920c740d10deec98,3090
0x02cfd6682b5dc354b451bfc4c5b60d6aca4e85cf,3090
0x77aa24edca9cd282c9bf953fe388751be47b04d1,3090
0x183f147159d10b88f4fb27a00bb5a491e16d69bb,3090
0x51545dee0671b910b8f12de6760a83f781922030,3090
0xe6c55b0af75151960005eabae3fe19528c1b131b,3090
0x227b6008ae04718aa821e57d04d8337799cdfdb2,3090
0x040221a6bca772b60af32bed613c6e1a68345381,3090
0x4d2d8f39a0bfd2205652cb3b9f6ff296409638e2,3090
0x5487fbb38af908185f01e43b8b0703ace2317314,3090
0xd77fd3bf45c5f0cf029d7bee5946a36c58f8ad20,3090
0x10bca16037c6826056c42bdabeace88af7b14f9a,3090
0x36fa78fd00a6a9065199a3bac0f5220aeb36e7df,3090
0x64270bad0fa3f1f88eaf3a4a8250f8300f3256b4,3090
0x7beb64b735f94f115854ddcc33b32427daa46537,3090
0x8b518133f9a68883b4078d33083a36b9728a9ced,3090
0xbddd93490fe6daabccd74b4c87041d4effdf78bf,3090
0xfa9bc61fc50d62a9c1c49673aea044492475170c,3090
0xbe4050159e3a9a67e866899fc12bdda0afe17358,3090
0x3091ffae3628d8698befa8bda44f4c23b4b792b0,3090
0xb8155e270d52766afdf5e1b14b5a7b37fd6610bb,3090
0x1bccc3dc32d6977ca14beff7a2130f578620cdb3,3090
0x55d82b654b71bd2dd2ff8975361379922f0e9b68,3090
0x04c8ab3c5b3405d62209333d4397df87e99a93bf,3090
0x0bd5312b4328a834e466dc4eaf3645912f1021cd,3090
0x663be8f5531b2597a859eefb40189a080ac21b97,3090
0xc3b098ae2566a0445883f22bb273d771e827b44b,3090
0x4bcbcc5e71f2280301a13919947877548a830aca,3090
0x348592acc9c428e19e36ef8f504c400151801f72,3090
0x65ceaea67587cc5100345e88f9fd9d724dec076f,3090
0x89213f11e4a356d450ab89a876f4c1cb5b8996da,3090
0xd1d8c6ad53597d0f56df5258d80e020a8691aa31,3090
0x00fb40d8bb3e1b0402a1ec84b1fc1ce9d48c910e,3090
0x2adddc1a95e3de4034b659c48e81b5592dc2e13d,3090
0x2907cdd39f9d9feda4fdae1a3d497e7dc0bbf7f8,3090
0x851f5a2ae1113c287f8483b22934bc144357ed9a,3090
0x6c95c5f4f7bb981e531bf3d4f1d557a455afea6c,3090
0xd240a74c8766cbe9fc0ba2b242c089aae164d5df,3090
0xb152df6b3646d04a3232821778277049ae21bb99,3090
0xb0623c91c65621df716ab8afe5f66656b21a9108,3090
0x86776ae9783c634c6aee6cda878c8f35a5571333,3090
0x37b51ead004cc6fd376cf6da8e54f1e7c737898a,3090
0xfcd57384ae22a75a88f5e5063c1627dcd0d374c3,3090
0x983c96d82c204f0f97b61e2bbbcf88df4dc2906b,3090
0xdb514dcf68146a11c1911b18d8d2bbfee5b81121,3090
0x60653ce0345c183f137130077b4a48d2d0b6b8ae,3090
0x4662b891269e2196e67cca73e4b7812dd91c7ae3,3090
0x4df83971f6f1bfd8d33a2e79584bdfde75f4df60,3090
0x50d46b6ef71164ba33f01bb68ff287900116910f,3090
0xca9ee220fdd09e7c27f7c208ab0e1655589f9e77,3090
0xf110b66bc9492e62de8c6dd7d291cae16f9f08f5,3090
0x4485f4a97e551df9fdbc01ae75ee5762bf38914c,3090
0x72602faf478c9a8d00eda3076b2d1f355c8e32b1,3090
0x0b480f7cb1e572a0a36b85d18d0cbfcb0cf8e1c0,3090
0xfa7f316d48352542120b62748555e2dadeedb64b,3090
0xc0f82c19ec2910fca4371bc9c13e7031c4bc116d,3090
0x9df73681a8343bde111111e44ec9acca4c0e3734,3090
0xc167dec71416e77bf42d511ad1b926f360aaad93,3090
0x407d911acc622b8ba8ae30c37ec376a39c947569,3090
0x09765e9d82b019eb0bfe91cbe2e472aab9a142a8,3090
0x0fc0f78fc939606db65f5bbf2f3715262c0b2f6e,3090
0xfbe7d8861ea419eb2d45d887532ebd38f1ab35fe,3090
0x5a11d298cb270ea25b87de44f7ee781b5f0b0475,3090
0xa987839e550553fa2030e53748f6a715a0d1642a,3090
0x1d130d29b3906555030452f0f29cdb0b9750fd21,3090
0x27853c1d975b11a0424b297615b30c434559c22b,3090
0x79e994e8d11a70c571bc39d723d8b5e6afefecbd,3090
0x03d98e3e8747f2f380beffe3c9a758560f0162eb,3090
0xce28a7c040c6d60b0dfa0cb76994dc8e17e0b028,3090
0x833eecbde13f4c1229cb231e29cca5587c7a803d,3090
0xa82e7633575b96fdecb3c2b239f06c867fd1326b,3090
0xa2eae178f372220ff6c6d8cacd63efe4e4b44525,3090
0xf2669c537dd01387494fd318a48a85adf0c0a6fe,3090
0x6648feac3b6acec43b870b519c805cf194778790,3090
0xd01263d3f7306e64e028db1230694f495f773e75,3090
0x921fe5dac5b6dac46ec029090f2e6accb3153732,3090
0x0ada191ebd33c22dd76e48fc490cf2eafad2a90b,3090
0x9c87a1065994f156f0b7b87aaa8b3c5f7bd67e02,3090
0x973ce57f39dc086f976f83f2b2291af5590ec848,3090
0xa20f44799c0370c885052bf2ff0fa6d55f40fabf,3090
0x6005cdca3e6aef6aa9ff5a6301b09c770aa55783,3090
0xaf82a37fa0febd276c378c92524675d3f91be8a4,3090
0x662d5d79849113a5403af776210307a7c82a5267,3090
0x15676113882c8f4ab433fd97465f7b5bd8d0c18f,3090
0x8ee00383bf6fc0a60c5f0bc8ba9366a22e65a3d9,3090
0xef94d7a7606aeda08477eb87b6ef0e3d19d68d9b,3090
0x9ebf693ded468fb1f6e68fa0e4e43a11d7fc7f2c,3090
0x587eb2322197c209fc91fb66c881006a8f92c059,3090
0x0af9f6d833e221b45e19457365e1e0cdb34f8ade,3090
0xa74c78d02596499f26f50dbed9e380d6d34b299f,3090
0x8f1185584f66249b44fbfa867cbe80391b929935,3090
0xd42ba95c2676340ffa2acd51456346e0f21dbedb,3090
0x2102202e25c69f14e0e1a2915cfd5b74db30594a,3090
0x9031391d116cfea923d5b25ec43ae9a9ccebbb51,3090
0x648aa14e4424e0825a5ce739c8c68610e143fb79,3090
0x2760c56c5ec55009bfa9a3c18291aa2577861b57,3090
0xf6aedd87286e22a046dce19248f8596956ca2ddd,3090
0x8512b8f41a6d1f2aa0d09ae710b705498735f265,3090
0xfe1dcefbd54f9783f7ec191f0fdad5fc16dbffb0,3090
0x1a33eb04d714b875a3da3acccaac9b7350bdb01b,3090
0xbdca844ad4ec4aefb7ca5b167194e227a208db8b,3090
0x607e26467533ae3ed1065f1f3a58ff647fdb43be,3090
0x5b04eeafc3b0fa9f2715a0dc7de7e828ac1baaed,3090
0xe3ff24a97bfb65cadef30f6ad19a6ea7e6f6149d,3090
0x3bee32f52458d1c0069cb51438b8c3474c333516,3090
0x19d020020017f09990685a5dbd8b077374d3e803,3090
0xd6607faae99460d7abf45601aa851b3fd66a4d19,3090
0x36de990133d36d7e3df9a820aa3ede5a2320de71,3090
0xb9ed4e7b9ddd7409d3e96224ec0bc8169ac2ee49,3090
0x6db8e922741c8bc816b30e8c944c3002c3b6098c,3090
0xb0d11712aa53823281b3aff7c400e6eb5cda52da,3090
0x6110dfca53554486489e07dffde2e384afe99827,3090
0x175a8f0f6c09400b610e623b4fea30574f1270a4,3090
0x08b9eeb564e887e56c3613b237afcd252c8a7b09,3090
0xb0ccf43ada6cbaa26dcf4907117b496d49f74242,3090
0xf4acd0323c64084e407e7540765521324a200cfc,3090
0x6821aceb02bd2a64d0900cbf193a543ab41d397e,3090
0x59f1839c4faedec8866f00e919408c16f4e2fba1,3090
0x10b53a9f41a78e4cccaaea2c51dfb5f6ff022318,3090
0x21e7b415da7f43cc5bc8fedf5a6fceb80851b6ed,3090
0x194bbcbfd3913843d260025e6664226f3357c80e,3090
0xefc549a77d02ddec156af91c08347f3599f48b44,3090
0xeab804590011d0650fcb6c4da1870c6e9ca062d1,3090
0x606b91a19fd4d1e950f817706436bb898e2d4c55,3090
0xb484526906b9512fc055ffde71c64c2567b9edbb,3090
0x47dd2dd6c8c7d0cba6dfaf0f86d2719640fc8bb3,3090
0x68a106827091ade9d67198991ef8bbaadee68413,3090
0x53c65a92d5282dddbdc7db478f430373ede02759,3090
0xb0d99c37bbd5da98175b80812982c9a07d091e8d,3090
0xdb69f86bb91809427c10d3b05344a19996c4bba7,3090
0xefddef8f97b06b3277c06dc0fc020fbb00f91d60,3090
0xbd7dbab9aeb52d6c8d0e80fcebde3af4cc86204a,3090
0x20f2c7a1c518807ad5b0e9160d885b845a607c35,3090
0x45a73cd17328c3e2849d3ad0f14fde749cbaef10,3090
0x525376c84a16011b9cc2f459d2c376ceb84dcf4d,3090
0xc47f2266b6076b79c0a6a9906c6592b34c03c914,3090
0xdd0aa6907b1ef4b658a9c6a915f0130f500db969,3090
0x6129a2cf9d4f67c433a3ec867a912884936c1cbf,3090
0x0f596ae13f0bfc6bda2282880fc6a994a9ee1c64,3090
0x2a3da5f42b8bd71f061a9dacbc1ce679adffbdc8,3090
0xcea6180edab7636dcae3036a5141982b9765d22d,3090
0xa3ab06370b6cf3c9d12dc69679bc692b348d9f8f,3090
0x7e37c3a9349227b60503ddb1574a76d10c6bc48e,3090
0x954f03039abd9bbbd0a9e90ff1a4034a5560c5a8,3090
0x5df8afd616a527ad58bc6d6b4010cb4c73c1eec4,3090
0x3974f7992ba2620c3080068eb8da9d702db895d4,3090
0xedc59b9d5a17636f0f02898f21796626399abff6,3090
0x1e40842730c4c446409931e24d01664fa71b4dbf,3090
0xaf1bff74708098db603e48aaebec1bbae03dcf11,3090
0x568dc476b4af661248caea5f43ba861aee1a03fe,3090
0x6c22d215818995b9dcc5c3f168e657524373181d,3090
0xdf0d103192f977e51465e35eb5b100452d6f4be2,3090
0xcd879d4bc804ade51f73b5fd16b5005487c4fdc2,3090
0x18e2b1ce3ace7ddada703eb07e73e40e9dedd622,3090
0x255aafc4eb612d10a2ab296331b36a611a9603c6,3090
0x7453650b259aa89ef90f14435c977e799b7a5704,3090
0x5f241db01ae7a3354d2508966e4088249e31d027,3090
0xe21c8520a157d29bcd5a168de3230d03b1fb383b,3090
0x8f34beb69480fa19d8e401fb3c6e3828728ecf4d,3090
0x6ad3478aac87797ed3b2820403ca2e763a7bdae5,3090
0x17cc89a361e22a8be346509d9df9c70ed00b6d9a,3090
0x10eabf7e5fd00b453651832661ddb561e03ae7a0,3090
0xea1fff8d0c99a2b9405196c9a8edc56417072f4c,3090
0x4daf7f0076f10fa30e123d0b6455a538d4f0f388,3090
0x3ee80cc9adfaf7fdc72737ccb930e0c4415c521b,3090
0x6503db33cb4f488b09c697caacc6ae8d3559d066,3090
0x6deb668521436b45cddfd9497b714d9fcb019bfe,3090
0xce6ed31d3c9eaf1400d2e2a5f07d189d3a7dad71,3090
0xf3048d3ccbb899e400085e561271c1dc8308283d,3090
0x2e1fe8185f925ff4cbfb076e044536a316918326,3090
0xbd757775b4a0ebe23c4db9ad41339d79baafcbbd,3090
0x92c38ba43b3ac12b19a1c2a232c83f01edd2666f,3090
0x043cd80471e34b358b634160a93f731017fb80e3,3090
0x4d3add3fe7b8056f909681783d57694351e3e1be,3090
0x8209c66f8609107463b01e840b405c2ae2d9882e,3090
0xee07f8760f87b5850e870409d5680cc3284ba95c,3090
0x55045da52be49461af91a235e4303d4a9b2312ae,3090
0x71d6daef52495f910ac73e5bbb99a59468466c64,3090
0x5dfc991aa06f9de464faef6e80418b6bc9970373,3090
0xc4a6527afab00e87aafa7b521a2d6baeb9ed7b76,3090
0xce9ccebac1d161e1d6333609a3528b6450e36b15,3090
0x367b37c826b5d100bd811104e75260e62b2c7788,3090
0x22188c6b04a695693b40d6e14e11eec0e251f2ee,3090
0x1d5b074576e0c7ed93a4705d19554aa988c0aed7,3090
0x58c5b881fb2794d04f0dc0ec65f94a119cd43aa0,3090
0x6aad319c27faf721853c2b037f10f5f5edd9ad3d,3090
0x20412b398afbbb09231f7b9f23ca34ebea06e8fb,3090
0xe5cb246cb0eda77b4a3face96ce3ed1355ce9090,3090
0x8c3e9573ff9795f8ce0992ec93abaf4445419b0e,3090
0x5f8f4cc0403332fc9c22a23222ddb9b267bf2e70,3090
0xd46eb557762ebcdce876ca57040e3caa54836054,3090
0x1014f9499259988e35f1c45f6ae6aa9fba011e80,3090
0x587f6ca447fe18b2612e0c398734f495ade9d972,3090
0xe36070cb88351b94605f8ae78ccf92627c94814e,3090
0x36a51c5739426ea4fc35f774f9838d43186a700e,3090
0x18a314a0e24b8dfe857f4c510ecb5c5fa594ad13,3090
0xdd920ce0618c6529f879a3d0ead88193da8375d8,3090
0xf56e55e35d2cca5a34f5ba568454974424aea0f4,3090
0x5ba810f06b232ee8645a199e8bc887028ace14cc,3090
0x7031f06cfd81c35b3e7a436f3d6c8b2b20b18357,3090
0x4100a9d936e0ab954d799473588041e07053e451,3090
0xa3ad3079fd1ab58b9589dde1c3323e73b3e8a7f3,3090
0xb38fd5ef32c3eadfabcc7633ed344e604aef91a9,3090
0x9f6cd20b41fdd6ee0ddca5c0de78342cca7e800f,3090
0x446344cc9921a531496aef06776ef266ab03d9c5,3090
0x37c2eed735368ba994914abeaba735c7339bd4b1,3090
0x5604b98b3c77fac5fc1d2c080d1c380fefe68438,3090
0x316822580ee3725209fd96b1208ef53b73825e56,3090
0x3bb0ec2ef9ff0524d15903fedd3c2ff4a180dd6a,3090
0x0064f043786e8c597d6565fcbf4f0989bdd0f9a3,3090
0xf114c59cbebf1f26dd73c4546c0f376a84aaee28,3090
0x0a4e5cea90dad648d866dc40f8e02e246ee120ce,3090
0x1d862756d01cbc60dfb0ecaabbca454c1002c6c7,3090
0x5f16bb5783f92a21aeced70dec04358d5c35c3c6,3090
0x55e5ca4cb4a556eda17d66760db82f7411202c07,3090
0xf0d9525af46063ec4a0d21aa4a1734f1a0dc21f3,3090
0x3d9456ad6463a77bd77123cb4836e463030bfab4,3090
0xa212734f81ea1bc97d74d67df68f50bc5650a0d2,3090
0x0de290f9717764641b9694c246338a477cff9543,3090
0x47dbfc4cf6e590f6cd603b84adf0e1151f99fc47,3090
0xeb5be04f61ea01cb17341c07980ac19280f29b11,3090
0xa010971fcfef68c34ed8d17d923895217f68da1e,3090
0x4967779ae5d83799f1fee6e2f9071156401b07fc,3090
0x3e6b87ff2168d15794a865d09a6716415e7dbecf,3090
0xac5162bdc0267bdc40dc2d177bdd05e9e95c58e4,3090
0x9b6cb5ee13014110211304de0c5cee1d9410a67f,3090
0xb68d9f2e2973afabf2c54c297df72bed5e5e945e,3090
0x48c127fe476dbbc7bdd2ea73c8cea4c6781de699,3090
0xa4280aa612790ba38cc23a321a48e3587e0f1200,3090
0x1da44dc5bd3ccad7c9de272a58b5507f5bc251fa,3090
0x794cec5ee2659859050d29d858cf46191649e1fa,3090
0x90c641300a2d79d0c26cd01e2e776e6bc9e58f93,3090
0xf9e1d1e9f22c96752356adfd377231528c7e851e,3090
0xbaf94ae78f82bfe1917a1736e5184ff4059959d6,3090
0x4b01829090e955c22fb725f621f25d25c45ff020,3090
0x549c27e27f7f80af6f5b0ee991e09372ecb11020,3090
0x189d35ce98fa80fc05e4571325700ebb20a1ac8f,3090
0xe3c9deaa43149a7f0ab5eb028605432615592da6,3090
0x4da920a6b91d41aaa74a2d31e628191b7b73189e,3090
0x1989e3e58420122021a31fc790b6578626ecd0e2,3090
0xb02daa162019ad753718359c3aacf8120a8ef4a1,3090
0x044527792a90f4dbdd09e2bba098e899078420b8,3090
0x909f3ffee72155c170a5978c69ff1a41a290b39c,3090
0x2dc41be7181e35bc58b7027e04eb358d6c61d448,3090
0x01f4656464aa02e10a48b2e3ee8117749f1cabea,3090
0x904054db6d430bb62b2b2b7403e15bb1507b77f9,3090
0xb5f1fed7e87af7544c565ecdc3db40faf43fdc78,3090
0x56ea0a3783534dc5091e41c05d0cb14594c67de9,3090
0x4f764a08c66251e13bdd85b4bb0652b739736328,3090
0xcab19e6ffa1346ffb3a1eb69033bed650f42fe75,3090
0xbc1e0cae3cea778ed616a6ede10b315af1530f58,3090
0x1cdf42285e9ff00aaccda4f4aa72da7429d426ff,3090
0xc1e3936558b5195566422a163ece342174b7b3db,3090
0x2ff673a287a816fc4089cc51933f32e8c16fd416,3090
0x040df97224a2d65df277ab4adb58596a42a9698c,3090
0x3cc1a943b27c2af7c6dcf3be0137f66c2f22e712,3090
0xa660f9111246f0e0f9fc4722d3096a380965dc0b,3090
0x56c82e81fc2af6623d9574b1c8f8f145773f9a69,3090
0xb520930bf5529bdf6d42d76cd6f820145ba3ab6b,3090
0xe3185fd2e5010271a0e866be070addc073713734,3090
0x5dd1b4c6132c175944c226fc89a8739b8bd9904e,3090
0xc852d1adad3795aba3f6605acb8f20c25d5a7382,3090
0xa53417f20bb7148a50849770471de251417c3f12,3090
0x651c7921fd63494fd7d0b4c314ea9a53c964f509,3090
0x2f0c4fa1cdc9ac0cf1766d4306b58f6fe1248237,3090
0xbeeec512654b9e1fb0091f04500dbe0ad6219aba,3090
0xcd1ff2dabd9ba6bb41e89ef9561be82e27799270,3090
0x7e15bfafbbb635b81ac9c5ff0f00159ba286cb02,3090
0x9c36f705cfdb06618ec215d45860176da0c4b910,3090
0xf9ba0687fcb922c110cfc7324f7f12ca2b820cbb,3090
0x63748140c409b490952c37dae5a60715bf915129,3090
0xf5fff32cf83a1a614e15f25ce55b0c0a6b5f8f2c,3090
0xf8684e6eded68dbd4e65104f21a33cfa55bf34fb,3090
0xf18aa3b367fe5d7e77d36f4b45590b59278444fd,3090
0x45e13b5680b07cb88dc5781dfb79c66e4773e2e9,3090
0x114feb043391deb4a339714a13127ffe85f0b3fd,3090
0x988cc8066b9e8d25198207a3bd838bf0fa12e906,3090
0xb387a0d9d62f4d1af394092a7715fb31e04f6c6c,3090
0x822ec855cc9f41b592622108e6f3565e976430c6,3090
0x535c9ad6d7d7244e1c9d17fa454c3692fda9fd3e,3090
0xebf718528cd48f6e2010a3327e23444c72878139,3090
0xf2fdb6ac4667711ff623e6e6a4410d58f9647a7d,3090
0x712a03ae051841074bd3bbd906b736548569ff6f,3090
0x4501457c36ae0647cd43a1a81ea4e9e69604215f,3090
0x8bf432c5244de0df0ccac447f55dff8bc0c29e3b,3090
0x32e89e88a7f4614a243768b56ceb59534ad47448,3090
0x3eefaa9d6e2ab7972c1001d41c82bb4881389257,3090
0xa5676c4930bda08ac71ac1f5c64dad270e3a146b,3090
0x2a76f7df64889a1f20f5b6aa87ebffa9a38ab925,3090
0x8a0aca2f93511f7b65a11d5ba595b17f80d3a375,3090
0x1ddc50a8b8ef07c654b4ace65070b0e7acff622b,3090
0x1ba3ef24bc64b22a80422678d4b6ea85f0f92bde,3090
0x884a736afadce77b2c6072436bbf25cf007217cc,3090
0x8172df74a9066fdc765d86bd195a7b7b96562e35,3090
0x0dee77c83cb8b14fa95497825df93202abf6ad83,3090
0xeeb21cc7ce58594371f8b7113d3bc5d4530cce5a,3090
0x1598c1f14d4563d0f2a27d9c125e43e73bac3e55,3090
0x54117957eab5070d27785696cd24c38f5b35a913,3090
0x9d7f0677a5a44b53f81f7fe90f2acaea034879bd,3090
0xf6eca0fc9fa885e125e8c708b3be2296f029c78e,3090
0x98bb6321aa10562ba458e9e449485a9d93520263,3090
0x65d4969f0faa94c73b10937e95c6936b344b085b,3090
0x093989e70b9214e2cf091af25896102b24160a5d,3090
0x8bf2ffc89c70efbe245aa81cc597c7e359925d61,3090
0x786694b02f1d331be540e727f1f2a697c45b57e4,3090
0x91031dcfdea024b4d51e775486111d2b2a715871,3090
0xe77dc9f1b85a5ab0a0f4b5be910025e46a2604b7,3090
0x73dee28627c287a531d8d34d872c505df793cd04,3090
0x0544dd5edbc9ee8a565accb57a0d75a7fa8fe9fe,3090
0x05a1ff0a32bc24265bcb39499d0c5d9a6cb2011c,3090
0xe744d23107c9c98df5311ff8c1c8637ec3ecf9f3,3090
0x952580d41f10db41d97fcd6b1984bc2538eefc2c,3090
0x519e9aa581e8a00cf4aa51ffc85b5e2bd2beca75,3090
0x9b99341554cd5696d6c5d94da5ef5a6aa5408667,3090
0x75330d021c4105373db58435f4f491fe9be6e16f,3090
0xffabc78644de1a9e9549769842e4a1e1d12facfa,3090
0xeea8557f1a287a37c27516ec7aed14cde7af0f89,3090
0xef5ed4c180bd3bff857ac50c66a65a2ee6e3d998,3090
0x74fa01a5d0ef8039f1e14f4d4c8f90e8602e07b4,3090
0x65eccde68dc9bbf17060dceee32305e5eecc5eb3,3090
0x941a822cd67d5957d1d869ca658e1e90c170238b,3090
0x82ce09a5532937be075c48c81bf2518fbf56de40,3090
0x39afc8529ffeffb37ffa2e7315cd3420e19fc362,3090
0x7f1d37b29e20f275be8869e69aa5fd6ecef8b70a,3090
0xd908c0b105a237c790d805c87c2eb960283866a1,3090
0xc31c0c19eed47eae5e4368ae6453deb2c6d8e8ee,3090
0xed28106ae893c9d2c0470082713aaac05c4dda2c,3090
0xb42c4b4697bcbb2fdb80c9b5fde3394eb1a46c55,3090
0x6d25f00225f83a30b59aec30eb7965acfffdf51e,3090
0xe1b2eb2d9ec3498bfe3b7be0cd93cdc4b6465846,3090
0x52efaa3404ce4dccff446bc7b5510f1324c1a381,3090
0xdbaacdcadd7c51a325b771ff75b261a1e7bae11c,3090
0x59fb71e42ddce3d9d5e5abe54b86698bc7493987,3090
0x00000602c2b54fab4f6948bd24bdb7c5431e3475,3090
0xaa11fa36e11f0235861b344a5b1ed1c454229cf5,3090
0x1f7ac950091ff91b9cad97793dd2a21c124e2b56,3090
0x48a9cfd726674a0adbc2e66a2f27aadc976d9f2f,3090
0x1341df844780b66af4ccc98ae0f34be87eabe1d5,3090
0x824a798a1b08d41c162ef26200e1b0936984a2a2,3090
0x76068306ffc83662982120bd5268e714613d9ce3,3090
0xf432c9e21bd226265c443475a23ef2823931cf37,3090
0x635bed5d318db167172ca7fe7e02a0e68976368f,3090
0xb95c1a7af2b495081eee297704ae96e3bbb6dbd3,3090
0xd91c8fe4ce51e400cee8a4ad49b774e7f2668200,3090
0x2788598bfa9966030370d254b3c3f49971a9874a,3090
0x04469012dbead39c8c5f9fe7a4fb680f3c13b4b9,3090
0x5551b71010ee76c931887fefdbc665944af5804a,3090
0x614b070d71444268d5957756bd7aeccbe663051b,3090
0x19f5244ec162ba513f255ecfc95846390b963ed5,3090
0xf1279fd196782b487daf4328bda8f7b5f5b337f7,3090
0xdfe8beee223412f316baf2968b17527d6eba29f1,3090
0xbeb1af7925f52e1116d01212c8067a52ddf0aa14,3090
0x75985055c5ac5b34f1eaf2b95a08e79131dae595,3090
0x6c7561adf7486742fb13d0a93fe589cb3991c224,3090
0x21bacbefae26ce58118c8a6061adf170c33d5cda,3090
0x05ff7cc8b490b38898744037f951f3247673c2ed,3090
0x9fa7486273ac26faa2ab80681251285ea4f9ed5e,3090
0x3d46dce7773b7ea980455e0bdc0d9478ce6509e3,3090
0x969b388dbc0259f169b8f76406dc5dae23ea60bc,3090
0x02ac33835070d0c90bef87c273514e67aea36ef8,3090
0x085f6483b57326dc2a30cc2ab648413ecddc33a7,3090
0x98668373c2c3f6666d8f6b0db1a4400359400cea,3090
0xce41e7bc61770344a3ced518b2c1627a9ed30f80,3090
0xe31d37c1fbda4034fd3aec3cbfde5c958de34143,3090
0x7f8179aed58edf8a2b10c70e0938093c2f6e5700,3090
0x40150324cd763db1991322af7bfa64be6928b397,3090
0x70cd3bb0d2bc142e3392558d59a8070ff04d939a,3090
0x29b798bbb8fc3b3fe57857b1356e7ef7c268022c,3090
0xef1e885bb15bef08f5d6eee7843d7fca6fe9850d,3090
0x61793c4abaa6bf7a16c415fb5969c9d7b4a51137,3090
0xe3e19560704b585402ec38a126d33dbbe42d8ba3,3090
0x4a20b8acce6eb6fb7d4ed727cab4fd332bb30ab3,3090
0xa46cd7423fad967074561b924fa4b13ea00a0325,3090
0x6110197614faa24e37cc79c76e4f0ad6eb27ce0d,3090
0x5d85e0403f815ce6b88fa7653ee84e46e5f59b95,3090
0x915de8eab3dd870f5b93b57ff8e9e42144a934ac,3090
0x62260ceddf0dbfd7352255cbef616f38adafdf46,3090
0x32cf4d1df6fb7bb173183cf8b51ef9499c803634,3090
0x4cc84a4112922a69d15b27c07c000ceed99ef89f,3090
0x96df10a852b1528f6b7972ccd83b755f71210b5c,3090
0x8ec8136e8215dedb43136d25835c0ec5ada3e700,3090
0x926fc5f872277c3bf82ffcb70054049db1d46167,3090
0xee0b53ac9578cbc6e0cee0ac6e18cfb7118b5cb3,3090
0x4a74228bcac7cc2e6fa52eeb644005edbcb7ed9a,3090
0x051e7e222a283aee196e2c22fad93274c6c512ae,3090
0x1cac36239587ed008236dc3af393ac65542fde63,3090
0x334d080349da9cfa602442968483b761defa5bf7,3090
0x6dd1a8484fd73d591ff4d5b9c434c2b138e23f07,3090
0xada7e6d162c3ff6f493cc848f9fe1bd74dd70a17,3090
0x8b0573d1c80362db589eda39c2e30f5190d7eb51,3090
0x9b327cd5c79b58bd64388a742adc9489dc7f2dbb,3090
0xb2dde7601a83cf17d14fa8ad15b27b60656579c0,3090
0xab75ca78fcec54b87db5f064bf5481559cc3b9cd,3090
0xfe96a2cc36b1b201cfa115f37645e0ca99795407,3090
0x4672c670175e4e409488ae9e9ce1f3a353fa2b61,3090
0xc934586c94f392c8f1b458ec7bbc57350066265d,3090
0x33aac08c978e15d0d5c55086c5a016c8cce6229e,3090
0xa075ec31f2bfd7977ba3fb9c61c814ce466e8f9a,3090
0x9995f95e402fbe3cc7a99800387c83cc08e5a148,3090
0x015ba73b866c0facfecc84fe90d72ed1f4598380,3090
0xaea4a0dedb94ba5b2b8ed9477a8a54379c584542,3090
0xe60bde882c1ccf6063e2f1bc0c8883a8a79dd9a0,3090
0x9d00a2288c721f694db712c31acee56aa3ca251e,3090
0xe87e38f033ce520a7e4411ec78c5eafc8fe7e761,3090
0xa182702f961fa493874aadd8b4a89aff0901e76a,3090
0x14a202fb4f4ff73d542a189030d3e112234a830b,3090
0x66633cc6b84cd127a0bb84864c1a4ea0172469a6,3090
0xd6189c86491dc2829a9f36e41d0c80a23302b81c,3090
0x9b0723de3bd9eb5c1e6e7896d171677904e1c7cc,3090
0xdd31db93082a3a71b98d37ba26230f8734bd63c3,3090
0x6a2cbc772ef44a80647e1ccb9aabb2e0ad837238,3090
0x1ab305564bf5ae06d13aefcf0cd5cad3b6833301,3090
0x7e3a74ab669d4c5f411940e97d1c29db3d39e950,3090
0x87690be28b65f13394741c2c2be5a6bdb0505039,3090
0xd5ea32161f9e92d20a2dec0a500435d7f777f55d,3090
0x5e8b08ce31f51cebc2a04b49de13915a45aa4ae8,3090
0xc1b6c464c3b78650d838c719299b3205b89b9174,3090
0x0a8138c495cd47367e635b94feb7612a230221a4,3090
0x25647d4f8ef6fabaff61637a8d6182b4515497d0,3090
0x34868887ee7b5f18c9a78893978b91f0bc22b67d,3090
0xf2ee889ad7786c6617bcbb0b68ebdcb20f27d8e2,3090
0xa7cd943ba0bfaf5a538ec5e062ba30bab8caa751,3090
0xea8b5f7128ac329f5c38da6f191686dd531459db,3090
0xbdf5a7941ff441c11d39d79b4d493a1958801f61,3090
0x1d76ad634ba6f77c159c73ed79c17bbc441eb80e,3090
0x9f29acb8108be9b6f79bad958854dee46abb5633,3090
0xb48e8da63c2afc5633702b7acf4bde830c1de48b,3090
0x10474c4fe433ca633f686a2f776b7363f6233e17,3090
0x1e184bfb48d03a86ca1bcd49944a75ec8fd05ec5,3090
0xfe28d181a908f038f06151631ad854d24ec86bf6,3090
0x972955a934de4d0e642d913a22e9cee77386f188,3090
0x50a34f434455f06bb1933beb2766a127f27a7b97,3090
0xd1b236445de912424dfd261b2ab5364913e35981,3090
0x67c87c11250a3dd2c459d896d862b0c599db4248,3090
0x6896f4b14eaf3c0759232001e752d11cc587f9c1,3090
0x1e4f990dea532e194a99fe349365431962c1e511,3090
0x13e928cc7eb0404704b5e815bedf0eb622e889ca,3090
0xe1629e6dfb1b9f403033b677d3add888afd3ce49,3090
0x3d88f973a8c2006923d490dce99262ce293e3251,3090
0x2e99bd6e6ff9bbac74e35f9f37b20db768720b83,3090
0x57fb36261e0bb889354a3ff0c5af2a8719779067,3090
0x0dad260305b3e6ed940240caeb5169aaed6727eb,3090
0x18190f18098fa97f36e398a26be613cb2c1c2eb0,3090
0x35d2451fc0709dd3a337c5c9fba0ed0969fe1646,3090
0x7cffb065cb2488a5e84bdac0ef3ed5737ef1c67c,3090
0xde886ab4d1a988c336ea3039a51fc31c0480bc0b,3090
0x55e68dc8aee27c1d4759676c3dd82d76916b1d68,3090
0x243a12d14be62483e5ddac94cf5dfe69862d397f,3090
0x8dcad3b779415f519c21bb42c9a6743e8cef1c5d,3090
0xcc32f57400f78376eb3ca9e986b2235fd34e634e,3090
0x82ff940f46a60d67d7ebca844bf57149ca3db1a3,3090
0xa50b2ac8d26e4ad1e976a5e73eba8a2600b3b32c,3090
0xdf69a3991f60e33f642ea780f3bace70f60918a5,3090
0x3e95990b1ff868b401faedc5511cd6c5d8f4abff,3090
0x2f93566b411ad8437db8cee893053b6dfc42c7f6,3090
0x09c5d970b0c02ccd580add5647b4429ee799164f,3090
0x8934289ab2dc5c934350a39d874bbb0eaa340019,3090
0x60017aad14ad7fc53e63253640f7c2364bed147d,3090
0xb4d592fefb81d1fa65169849ad281800471243ab,3090
0xc3e3796c149ef30f178f53d6d0182c902715b247,3090
0xd8c70fa1c7c997e172a124bf808bda3ce15c03e8,3090
0xf0f6d51284f31c78853cb18796df4cd3e6d7c36e,3090
0xfd847907d5ee2ce8ea2600b54c5abf48bb335cd1,3090
0xf7713f561a78696ece91f6ea117190595bba7349,3090
0x45af9cb6df0958ee803b85a8545927698542cd47,3090
0x83c40a2a936b228eb6059f16a6f9aed8e988d452,3090
0xe76ac54ba14c9a2636b56a740585dd8be4b299aa,3090
0x349b8cebc1b5f8887ea1fc80a1d7ece95aef5b18,3090
0xea12c7cb6c8c8e25ca629d90dbdf16888161b921,3090
0x6f7c6691f9387c4e7e05291945ab352ced0dbdd2,3090
0x9b2844b2e9e65128dd4148e61329ab56e191946a,3090
0xf1a921cc691a10e406e0e080fa8da09df5ab4b93,3090
0x9e78b6166510099c2a462b43a2cf1faa4b8fd02c,3090
0xbeec75a2025b34767cb60f0bea5c4c8be489ba6d,3090
0x2cbd423af8e64863a617d27e691b4f6fb59db220,3090
0xf4c85115a85566f16db5f93f148cf4de547ebf8c,3090
0x033441cd8061544e1a013723c57a4afd2e7baa14,3090
0x0374f0273e01841f594a4c0becdf7bfbd9b13a42,3090
0x2fe31e981032bfcd71cce70a4ab5e4214f8b4860,3090
0xc737aadb070f02c93bdb0943f5030eeea1be79c3,3090
0x15f6cd177aa8fe97e7d00edb3beed4bea0cd96e3,3090
0xeb780d41c42c1a59b8120db06c78e6f8cb2a4683,3090
0x8a958db686c100436610b7042d2c8eed343fac48,3090
0xe7dd57c7eca1c1d5b6b2cb6ebe0119a577a41147,3090
0x897392eb0f4e8076bb7e58b025085ddb6782608f,3090
0xa8b8787700bc549d9c717104aaa2c4c1cc0b089f,3090
0x4d120d7d8019c7616d4e14249fb696c6a5fe0b6b,3090
0x0f2261d0374a202466023ff71105674b1238f3b3,3090
0xa1d4ead33fda083490e557b1e959b797e9e3e096,3090
0x4c54d8eec737ca6db9474e2958c17d065f19b196,3090
0xa2f17baac9e5bbeb653d13674302acaa82e3eed6,3090
0x1189b482f41bc72bf0040932952413b4e850e41f,3090
0x7b3c87a3d221a47614f84410ebb9091a92d91148,3090
0xd21005fba48ee6d81259a1795e394e1acc15a6f9,3090
0x2ae5eeca93ee5eb1023cdd2bcf1b9cd4a45aa50d,3090
0x6d8dec3fd68d94a7189a98346ea52b4d32e00012,3090
0xf34196597df209a04fc92b97071dcaabbc63f0e8,3090
0x689329f516439d933949bbebb290a1d9cee27c5d,3090
0xde3839311fb9ce6588ab58b3931a3ae9c57d3ac6,3090
0xf2b065c0d515f166cd9a8931bddb0f309b40856f,3090
0x2db37b6cb0d178e98de4ba0179d674af6bea7b6b,3090
0xe5c68df4cf101705798b75b81295a046110e5262,3090
0x203318c9393119f6478751a7f3b72ab85b083891,3090
0x06600795d0ebe77060b6df92c2a6c0daf59091d3,3090
0x9c96160dd686c796f96adc089f9bf53ce353ff0f,3090
0x9e5ead3c1b978ed1eff62acdc2830070368218bc,3090
0x20c5f6583154429c2d8e068c8d50349438319756,3090
0xb96232eed9f29b37a40cc5e09b2db8a995e7a28a,3090
0x886478d3cf9581b624cb35b5446693fc8a58b787,3090
0xba60792c99c9b3aa5c3b69cc68f577c2aacc3918,3090
0xcf4e26a7e7eae4b3840dd31c527096e1265ab990,3090
0x829775e92ae029475e71068a9efa48e260a04f50,3090
0x0f0d5199f717eed1b211c4594102562cb9ded7d8,3090
0x03d746500894e8ef5041736baf66d9aebdee1898,3090
0x7f367d136cccd0a65e8bcccc8e68031ae37251b9,3090
0x504d1537edaa08adc950507c8ad7a35c6581a379,3090
0x0afb908491659631d88324872097b868e5c6234c,3090
0x1a016e8f69d4125281fa93476f2d675d2fcc76f4,3090
0xed703dcbdad466685995a82b37d7fcb27a2d7007,3090
0x7cc4bd8c2af114d75b866cd1852576fc74f6cf73,3090
0xf6eb526bffa8d5036746df58fef23fb091739c44,3090
0x579d5f73015014284245f0d6057f6c9b1596904b,3090
0x0018476af64f322d1ebe3efee9e4802878708238,3090
0x617c17ed90dfaae93393ba92605fd4c2ad9d0c35,3090
0x7ca5eee289d429a26f7f5dbe8e233f6c67ec0e44,3090
0xf7ed024a526dd7ebb63ec214c3c17335d7539046,3090
0xfce20962a57470ca7f15f6e160854d9e444866a5,3090
0xf43b2be4aa887f426f05f78604b364af667c608d,3090
0xe01d2af7cef0350cc1e20f6464178eb225ffe949,3090
0xd7f91632535c94750bdf78ef63b0b2090e6f093e,3090
0x1d4c8282a408d8fe92496cccd1eaa4ff0fdd3b97,3090
0x122a726d9bfbbe5bebe10c7c4401b829d0afb4df,3090
0x5561974f0d35d8c355241a5568894df7b691bb28,3090
0xe483f7c09b4707e423f621c0d7453fb2c7eabc03,3090
0x83a7448af58d896ab9a6db0963ff03ef547398a8,3090
0x3b96d233ea28185e3aaa67e52ef520cae3bf7060,3090
0xc971c4e2c7c2eac9a8358f6b9c3b923a93009f8f,3090
0xa8f096de4f463e6544d4b26db3dad51d1c2d0041,3090
0xe11edcab16af2dd9e567ea5d54dec7bfe362847d,3090
0x46766edac57bedb164f9f79e029f4190506198d5,3090
0x9901286eda9ccf2de6bf223e74e8b2c3e68ef156,3090
0x0268aa1755b49fa115a81090b836f2b111a20163,3090
0x66d9640783719c13d6a106924000bc6153661a97,3090
0x717e49e0d8ebcc4b04e870011766136c8e1d2109,3090
0xa412e5f94cec412dd93f659836d92b160aa4531b,3090
0xe648f4f21901650e60ea31768c2ebb50bce61ba0,3090
0xaec8c478446bddc2d022a03c90ca394269342ce2,3090
0xdc188480ff7e42efca205ba4001c2dc9395f2eb0,3090
0x41ad6401f95b1e4b7785f51118eb24ef23da71d9,3090
0x19dac8017ea150867ef4da05438336ab2e28a7e0,3090
0xeb31dda8438ef3846fe34d3a9e18edcbc894e4d4,3090
0x6e1b330095496e6cabc703853357ca03202e9758,3090
0x7753bdb62e260c3554c14abf11a9585601973f87,3090
0x096b7b3798c642c87ec37b56b9824280078a0c36,3090
0x1dd2542ad6187024064b08ed3fcb076021bd22c0,3090
0x10d65ce5cf5b96833251a1f1e7d9fe90a2f8f363,3090
0xe9f3013f9dc7e7de64d712886e04d419c74399b4,3090
0xefb78a5025d1930dcfcad08d12c0da377fc03c84,3090
0xdbc7896d3a938199965bac54eb1804a6fb4c2e73,3090
0x76e9a895466855167431d89620dca893ef3eb076,3090
0xd26b76e50f6510cdd4bf45d59279705f36946d23,3090
0x8a7a1c412cbd65db29296a2d41f43dd9b3e60eb6,3090
0x4f67f52147c6bc03563772fa3d7af3adffb92110,3090
0x3d941f9755655601fcb3a323d86ed20c9b8d1e3c,3090
0x15c9afe78f9b7fe1afdbb57bcc83196711bbefd9,3090
0x7cd6af1125209e39e1a652c601e6c2cf244a2da9,3090
0x8c62376998fcc8b036c08313585103ef7edeff86,3090
0xca4ad39f872e89ef23eabd5716363fc22513e147,3090
0xda469a6c78d12996895721fceba62e510b38faf3,3090
0x5e80800b983fe0b3ca605ec1848bcb4061b43f1c,3090
0x6b6e5bdbe151a6adaa0e13193673a2388f250f49,3090
0xe6118452150354c495fcb9f67bb7162f465cf273,3090
0xbd45dfbf8f1372d8a0e6f249d0e8c89a927a67ea,3090
0x68288a41b4ba864503860fc33648d787a5c34790,3090
0xd0e8060e52d8c23984f22ac899d18fc53aa8bcbd,3090
0xf9aea837f19f82d9b359897dac1b8b1f7cfea536,3090
0xe0cdfbeaa6964cd87055832cb4ee928450189f31,3090
0xd0b811b909affd5b7f3e1201d450da173796b7fb,3090
0x7a2a69a8ecc121cd6af9968d486bc30bf9da5438,3090
0xb02d74fa6d072b3989a3d57de76a3603885ac6f2,3090
0x3c8981a1d0e563536906ee27daa89a5e65312a34,3090
0xbe8775738a8c0a23dbd23ea282fedc1c30454f68,3090
0xc75fedc060a74c9e90a821074a56ccb0bf3afe4e,3090
0xde30040413b26d7aa2b6fc4761d80eb35dcf97ad,3090
0x7d9bfd6e688f94e6f2c6ddb1f8bda63b6550e964,3090
0x5811f64b3b74db7164e41be4945c95811ead31ac,3090
0x06fc800322992beb4d6647093c5e8e340209437d,3090
0x46882e9759b176fb7a2858bb066ac5c506df5046,3090
0x5a31d6ae64af9ef6b2dbd88cfd40901fd935167d,3090
0x4defcfc27b9b39ff078443d64446b2bb69558bfe,3090
0x77fe6dd5e81aa9cfb3f084b7c9a713a5bc52f881,3090
0x0dfe227fd474ba80fa32ea59ec9570a66e9ae167,3090
0x6fb64c43450f62628a24f2c3237e88e7da504291,3090
0x9143408a0eac62d09f0bd9199c07ef6d9ebfbf0d,3090
0xc96de6bbfd3a8ed0165dbbdd253b272027fe87bd,3090
0x81e0c8f299a1a8bb076501f581d76fb715235546,3090
0x1113f11877a4dbe7e165f21d794901f54a1411ea,3090
0xf2ebe02627076d8d4b25d8f0ae24daa26d3b5b65,3090
0x62d517b3913f9d8f04e2ff70dc5fbbe73119ff6f,3090
0xb734ddf067d51c87adeeb6665994bd1615f01c23,3090
0xd97ca942f5f8c381238d4ccebb50a6214bc16a5f,3090
0x4638aedf9c02eef5b8288dcfb6b5f2834fa78718,3090
0x103ac82daf13da683f6251dc0c5008198fb2a402,3090
0x8bf8ece60abba6aed5bd3ea7a97378417acf4e30,3090
0x3d92b8dfd192354a36720bc57941bb006fc9ad3b,3090
0x2d3bb1d687da64ed0704b4cf7d52742a04a6fac6,3090
0xaeee9a6a9661a850dcae5d879e0d35922b7e4b33,3090
0x5e8198ec90fd8c8005a2e9dc1140979cc590683a,3090
0x56b64647b164cab358263ac6be9b418f64ec0709,3090
0xe0235804378c31948e81441f656d826ee5998bc6,3090
0x3e95b8e249c4536fe1db2e4ce5476010767c0a05,3090
0xc8e9ed5de9882849e73ae48d43e2296c74b5eb7f,3090
0xc9e2ea211a16d5d5d9de68804f85b13c52d8c548,3090
0xc8fd0cf0d95ef6977ee14f62a6eadcc723b15d77,3090
0x46d117c0486b913c0fada1b33636d92ffc18a377,3090
0x8bb9dfbc8c11724eb10aea95dcffe6c6a43b0ec5,3090
0x37ee69fbf6f75d43894bf7bb0fbc3e65b1d80e75,3090
0x8e882b5d43ecd999dbadc3822d7a8dd15c834c9a,3090
0x0000001089167600c25258da29d2e2c857ec1689,3090
0xf62f9c3f33998b656a56b5b96461effa589070b1,3090
0x2fda39a1e429d3541d8bd91bd1343ca4f3621390,3090
0x58cec793ea4e89ed14ad7e062ce594cb92d332bf,3090
0x02e1c0798d4913a892c538c29c535e1eecdb5b40,3090
0x4159dea474e626170b60784b6ceff0a54de2d1a8,3090
0x6242074d8dbb4aca3cf9c1f1156f71dd13402411,3090
0x5e39f37b10fd3d55f27aa21f4b82a03bd0ab34a2,3090
0x32a6f3de4d2610ec943b6c20ac3341b30dc18d23,3090
0x5f8977576c04b9f35e32167e296c10559833ba86,3090
0xd7bf0333b61ca19065bac4ebc635c4662b8215de,3090
0x119bb0c3ddb2495cf69f8cc0a70a0f943f889bde,3090
0xd74dcc168e726506ff302d29dd567514e0d81ad6,3090
0x8db932f0700bd4ea1de3cc84579ebdc65494a733,3090
0xc999efc754cfc2dcdbbb8d236265b26e4d70e1f7,3090
0x2c969e6626cb4e94c855a00d27d33a2f83e40ad1,3090
0x327d423eba993b4c4d7a2d7c9d44888b8ec87e9b,3090
0x3098fd179d60878bacb3862dc6b2b38310e43559,3090
0xbea0b9d20149b5f04d9ff38e14dc177995be657a,3090
0x54a80e0417008db88036f4fb2c4646264717f7a6,3090
0xa28a89c9d6a52f2f5a64e3f3b764ed686fbd76eb,3090
0x217b70c73ed85530feb3bddbd8c65d42f36c51fa,3090
0x09b6b10ce52878169712a25656122229fadacf19,3090
0xadcdd11d01338507dea594e194d1c316508a5fc8,3090
0x743c03026955e9f4b60c2b4b8215dcd5c028e97f,3090
0xbc1eb2ef1ee191a2e735fa8919b448287101c101,3090
0xff2c9410537f5dfcbd5ba4f3d622fbbab914f537,3090
0xf899ff68fe17217b89bbf090ff41430342956b61,3090
0x45e5b40117776fb95110d662c463e3b07339fce1,3090
0x00350949717bb9ab5e6fdcf7207dd7b7a43f6a59,3090
0xa54886e27e13325fecadd2d02441ad8cd5edac0e,3090
0x45cc2088e22fa1196d1fbfdbe3e539c76dc0bf22,3090
0x9215d006c8861b771a04a87e0e190e4220b5c34c,3090
0xe8987115e726fd9ce262d40969c3b4cf2c9ad6bb,3090
0x56b6dcddd5d96535c35b720c96e19939920544d8,3090
0x22b2dd2cfef2018d15543c484acef6d9b5435863,3090
0x89277cec1f59cbd7f5dc1f4ab6c32b2e05e0341e,3090
0xbe67de0c3f7650b958aabdfff3bbd8d55d5c2ccd,3090
0x7f8560e81425f44f8b5c992cea504359ba5e0648,3090
0x752819e5fee91867cca98a62cd96fe6ab82d8b3b,3090
0xe9a94b1c789289fb5b37347c29a4093f0bd15030,3090
0xcc64cde5f401404063066a8d63857b2354cb3d9c,3090
0xc095094ac277c36b99693fcf4e3835e5f2115564,3090
0x46319a872fba4bf5b4cc3210b054e1a71fd76ef2,3090
0x00b1ebba68f12ec5a3e23211e3bb7bbd0f7fb587,3090
0x2e004b20330dd2b6925d94070a989e045f33b953,3090
0x7d9dcaa3125671d957a2316de31614705d2a7628,3090
0x7dc7380a1278c46cf11e93888e7af6eb0fff2fb9,3090
0x45da50b5e5552ffd010e309d296c88e393d227ab,3090
0x8511be971f2e767a3232dbea4183f345b65b0ef2,3090
0x73cb14335e6b02eb693e85dc104710d135c3e863,3090
0x056d8e22759a9ae9359a21749c6d7d6c12d97177,3090
0x58c7f158b78e896c94c0c9787c8703612e6c496f,3090
0x4c63bbdddc31e05794bcda50db5e4026a391be74,3090
0x78baf2c500b3e21abb2c45fead68d14d732e2450,3090
0x94e323f04d22c1e73039b803b1f6ce87173b40b9,3090
0x1898a66e68aa00ec8073013320fccc0a12236075,3090
0x096e08bbdb3bb08ea7fe27c4e1e9012ab600940c,3090
0xeb58973193e82bf1f9d2bd6a93d68b98f9faccd8,3090
0x1fe916e177692fdeaffe8025ec867bd05871c8e0,3090
0x3b976cf01ea63a91ec96830022f85bfcf9b45e3c,3090
0x00498c8eed45fdd106fe1c6a69d96dd4b6e8175a,3090
0x87b8e17f82d487de46468a31aea601e3f3283b5e,3090
0x8a333a18b924554d6e83ef9e9944de6260f61d3b,3090
0xebdf4084102748b86554fbe07a28fdb8a2cc1d2f,3090
0xe17be3fe72b3a9f3825b9be9c9e2e6aeb37fbd28,3090
0xe688f62cca627882ce09a848d990d322f99faeb2,3090
0x334c6207252f6f9eff93a3de588195767628cd19,3090
0x960371173bdb7963f881b13123999bcc537e2beb,3090
0x07dd60985db175c7ecd44331a2c48119cf8f6a03,3090
0x8b8e5a143e34774f55f189dc944951fafd517e72,3090
0x625219f5a3912a698780f814b40e20304528836e,3090
0xdeb56e51a5107c6d1e7efa6ee8b333509568957d,3090
0x9dd7ea91aa09b66ff4ca0b61edcad98f2820768d,3090
0x281e6843cc18c8d58ee131309f788879f6c18d10,3090
0x45f9994ed49a2dbe465d2b6e34ccdc6184519439,3090
0xb9b452036310b9511320871edc2c784e51c7aaea,3090
0xd77d197e8e2786a8e79f1001749efa78a6260756,3090
0x7cfa1cd0d29edde87edff67211ca151f1a1c8c0f,3090
0x0554b67537f0af3c657ac21dae5dc20926f09acb,3090
0xa9f710e0711122b95301ba81b860cb5fbdff0b45,3090
0x1a417383ccb925dbde3ad54c0b3f373fabd15804,3090
0xb5bbbd06ee592b74cd02fe5e9b2530f19b96bd66,3090
0x766d5c405a4cc9de51aa694fffe922bccf31c46f,3090
0x97944b9adddd9bf0ee3d633163f7150cef82a332,3090
0x55fac0c661bae80e2c4e40f2edba1f83160adf2a,3090
0xcdb0f953a23a635afcfa71588bd9a4172f4230ad,3090
0x7ff2c2873e3e889fe13d56203550f143619666d2,3090
0xbcc44cc9675cde45e5d60da2eb721588bb39b4f9,3090
0xc3e93b3757e5937aaf631a5334d6fd126045fd60,3090
0x9f917290249608f66cbf666596bf71d9d1632d9a,3090
0x5f5df74b3073bdc886c60e6f14d15ac397e26ea6,3090
0x5f3944e794981daa85f8e5d074cef627bdf4d644,3090
0x1ab57051f319a0ddac126477800a83aefa79a36e,3090
0x5b78cf98397778dfbcc76fbc8d3d32a207f8cf26,3090
0xeaed347bb78bc731c13c6ba4c134f4d84ce24e4a,3090
0x73f136c0eec28ce92d1c647c72ac0771ac87e262,3090
0x3cf22f595c3986a01f796226d839279fcda402b4,3090
0xaa28751c63ec43d6121463eca7c8f5ca5df77f39,3090
0xdcf37d8aa17142f053aaa7dc56025ab00d897a19,3090
0xd56b8725ca0ce6b7c655c113c5b0582d3c169aa4,3090
0x130946d8df113e45f44e13575012d0cff1e53e37,3090
0x4d6de259433ee07bf5783888d06ecd4c8b16ed0e,3090
0x354908c727bfbe01442489eebcd01747256c9fd5,3090
0x6becc28d01908edbdc6147f5344d8e4319cd0a2c,3090
0x1db877d1739464d1f44699dd7b40e669dc428706,3090
0xb7cf222454b7b7d18cd78663ab83f7e01070a858,3090
0x47f33207f77547a6f0d31074832f3db9ac587b05,3090
0x0c9e725902f2eeec063c16d253f38684e3192001,3090
0x872ae44e047549d7e3c85c019e76ef11ca788249,3090
0x1aadeb2b723c70dcd02a543e5206fd7adcdcb79e,3090
0x9b50712dc9f6bccc53056d0e49d39a1eb7160a21,3090
0x3ca1b14c0cdf6a53eb8563a62c3ef0404d2a69dc,3090
0xb2e1a2e8fc5459320f548f03e794ac9d6e10e523,3090
0x914a95598dec6d116d5cb18552b16b4de818d1f7,3090
0x0020b344cb87ece2b4ce8fe7bd6a23bc18fa88e1,3090
0xc263512a79612bb96796b869e14e81ea7a81e8c9,3090
0x25c8e67261fc3ee0549296767ae48fbe01850c38,3090
0x59e5fd53a6afdc34bee0bf38f7342aea168566b3,3090
0xfecbbfec931a06c0cf7b008cf3c013457f610a22,3090
0x1a883a2392fc538ca3c9ce8adcb14f48e1d14a9d,3090
0x0097ac57fa012764a20e02543742cec30d0d8864,3090
0x8aaef3c365f90318d15944587d1d3d842e16565a,3090
0x03d52dd701146e0a5359eccd9c909d07178802d9,3090
0xb0923ac24adc06ae5256035385047f97c72315ba,3090
0x7fb0e2f6fc52e106f3343d60f3ecfa6fc64d6c56,3090
0xe5d04269e38dd6aaba32ca0a8970fb31185c64a7,3090
0x2531b2ff6a7f08c6ab12c29d1b394788f819deb1,3090
0x9874b6e9e94e5745096e1a8c852c25b3b56784b1,3090
0x6b4ba99b081d7369b3b2ab7a57e92dfecd6f6726,3090
0x56b8a0f575424a4e10da4b8d9dd7d70b8848db3d,3090
0x7c042e8454a7fd844c6d629c69c66b675b39a457,3090
0x00c87ce08ffb3eb768d66ddfc3191ee7c54c04ef,3090
0x9a500847ffedbc3092b5e09ef421660066c8b5ac,3090
0xf8973eec698c27c4eec93dc7e85e2760d64e8058,3090
0x9f327969a2aead18c7d0424c537a05c597080261,3090
0x2b2894d4d1e0233fdda02246371b9e37bb18e10d,3090
0x68c0dd2b5a5df00bca4f7df8ca9b1425fe817728,3090
0xba625bb4b560c8ed72a2b085b3fcf7b008cffeb0,3090
0x6cccb4aa20976610dc7653c549fcbe308172dc65,3090
0xe0eebd9efc291f9f142734af741309a118bd9949,3090
0x2c9a77cd8de055ffdbe8721431a7dd5064a480b0,3090
0x8d7f598347e1d526e02e51e663ba837393068e6e,3090
0x3b2a887ca2d31795f664cf34db66b6e5f80144ba,3090
0x364056980867d1655897299889bca4e7d465b395,3090
0x57785ee69c0b006821950342070fff68636e3130,3090
0x355359be3a0e0525667718b215ebf148815fdb8c,3090
0xa874d37db9125561e557951019546d86d6c5c5b1,3090
0xd381996a99bf63a3c3d0ce8db9bcb9e545ce5170,3090
0x07334555b517e134322cc72976ab4fe0cf15de97,3090
0x700e2cdeb777be3886ba58bd9aae619c53693844,3090
0x963c255bb4d0804b1626dacd55d87d8858868e11,3090
0xcedd3ae79654f232c0dc1aa17374f2768cbcd2ad,3090
0x7f16576160227cd97101048a9fa7b257378c8741,3090
0xc36f739e5a3fce30129db00f2b442d5b718806c4,3090
0x6f00d08a5a59f459cb58d7a361c1accd53ad5fb2,3090
0x7bf56d3e0c7cb2456702eb4bc0a31dcb4e460549,3090