0x899f9b34ce493dac8fa38f97e828e9817414c05a,3090
0x11fafad7532bf0b5e659ec3c0c613dcd725283cd,3090
0x29a15520124254a6405ebce0142f1ea1382cfb44,3090
0xebc89b8e42d684ebfa40d2c15094555ce2812857,3090
0xe952af3ceb8df334a0dc5919c819da95f1d439f7,3090
0xc01a4fff4a8a7da766d2751923b97414698a694c,3090
0x333b1852cc0a3993e82d784a17ce75d3d92a56c2,3090
0x1160f2d9f8741bfff72ee88189f57a743767996c,3090
0x521004db428c3329efa1ea9a973131eb79166b0e,3090
0x9e0d40fbeefea19875ce5215a954216be876db15,3090
0x308eb25161ec14b639cbb17f9ed619d0fa43cbfb,3090
0x881475210e75b814d5b711090a064942b6f30605,3090
0x98c17ffd4bcea646d85466e341aedde4a2d7cb30,3090
0x0b44353d3df4fac936bdfe5e93f2ca15f0a2870b,3090
0x31e29910df8bef1260f7c4806dc5c0291de3761c,3090
0xb0633bf7ceaea3b82b544f8ce7f76675ca89a08a,3090
0x78f2981935ecde3674847d0941159d67ad0ad3c5,3090
0xae411c6a70f8d59595b91eb277468ad6c2d4d221,3090
0x7f73304c667e84c251cb0e94fb9493e911129877,3090
0x4ad4de3678a4c55de4eb3e31b9d2c775ad806ecc,3090
0x6503e8d515ec5de66aacc724048d96f50eeef60a,3090
0x7099fea6504f0ca7611333d3dee1114e477e9321,3090
0x51d70d2644b27dd129bdb7e4f177901c7b64d7d7,3090
0xd11b8a89a2bebd248d3d21cccdbb167973dced89,3090
0x44b5145a502ceca8d51aa22cc22b57f0f63797ec,3090
0x108f0ec0d7f05490b7fa284de5f1d4b1dfb64dbf,3090
0x9b4c0be7e5d75a99c60786457ec6a7aa3a745d96,3090
0xfad86a67e3e92d73dc7b6f0bd8ae6279e1086710,3090
0x1f22eafef694242a82ed03ab6744322c1e3843c3,3090
0xa213a7292ae1c81529f0d0ac4ec67d07945808dc,3090
0x7ef5787d9aa49f8c5132f73df7c680e1e0935456,3090
0x876e3b32371b14ef1fc2b0753066d9e19a5de719,3090
0xef64332daf0d38d2a51d69966319b988ca6753bd,3090
0x1a6bbb821eb116841b762a8c8f48472a4c9b72d7,3090
0x660d31b03f86543859ad8608fb09cfde81c45fea,3090
0xc65e253fcca8332b889eed23809ae4b87ffca808,3090
0x6472e2e9622353a4c0e2526a5287bb9bd8ac1c8e,3090
0x75ec2cd552d8bd59d38cffc8dafb1d878b090495,3090
0x3f7a98a32163088e2ed14a927fe86955adc8e4f5,3090
0xe3f499babea950823eb562afbc2a055d89f3d35a,3090
0x08e391e8f3076db0f6557e192f3f471db9b1cd9b,3090
0xca8b8823bfc87f16c511a1bc89df3c2afb6f31ed,3090
0x22ffa10317e02ef76d72e81c3410ec6c7030ef85,3090
0x4eb3cf561ec77f7463d170992e4129aa5c3bbe19,3090
0xfcd8f696b8bedad588193bfdbd321fa53570f336,3090
0x9f05bfa71523d40672561794b3d887b11f73d847,3090
0x48b6174a3f325deea8c5f8a2500a7d3d352cc390,3090
0x8a2bcf4eb6ed2fd766fa0b537e47c374b36a517f,3090
0x48e994d846a5927c9179fbd894dd1c2eaef80854,3090
0x3ae44adab64a2c9eae633e586be102ed7208b788,3090
0xb72cd9b1b3eef683a1d83e50d437b69ef0b46857,3090
0xc4bd56b892281707486f51abb2c820b1c34f5ecc,3090
0x55a75b6dab623ab4699fa18b7d11d3d4671de63c,3090
0x45601e0069ec95ac4fbd3c59d1b30ab0a441263d,3090
0xd9174b812ef70a18cd1289c638610efddf0062a2,3090
0x4e3a11329a4979f9855631c07b9613494f1cfcd4,3090
0x594da4a4140c0a75f18a377cd1694c3482198a62,3090
0xf74e5dc9482b6f7673233fece7e6fe107860ae00,3090
0x60b2e0acb69fdb6363110856fa2302494d14c760,3090
0x3a9087037df1521ce6eab38dbcc6952d0a5460df,3090
0xde48f44e2a2efc3f208e75b2c82cf2e53c163b3c,3090
0xc2f82f1e26eb645946392325de5fda8c59b239f4,3090
0x5f1c6f23b35edb5c5542b1c682cf1695295e88f8,3090
0x7cc5078c1f6f57f5a48037bb3a2a29b7e2471e10,3090
0x4f2339022f81e6692e2793a54e42966b5c86e011,3090
0x22cd4974d9b2adda18fc5bed02ba0bbdd3d63360,3090
0x790a039499b1978f6f5594012419835ebb520397,3090
0x010dc5440ad49f9ec0dd325b622d9fd225944ee4,3090
0x2349f5077cca4c276be59a23353f539dfe32a39b,3090
0x492b06097b0c2f0e89b6a663833ecd9d8fca49fb,3090
0xa386621f99d2b74de33051cd5a5d00967668afdd,3090
0xcbcda244deb53740b4ff93bb9bbabaedb9907e1c,3090
0x42657d216cd442c4cf557177a412875a4a09bf5c,3090
0xa6b332dac9cf7235e571e546f461bf02ee853a17,3090
0x9b85d424a1329ca384806e1442ccc9ae3a4b090d,3090
0x34b73b1af42b5828109f982a99f33153f85b4ba8,3090
0x8e401059d5a927b15a33504d4db902314635c9e4,3090
0xe7d8ea5143c63fc57d6dd3a245972888a67bfb8e,3090
0x16a4f89c7fe7af36f7e044ae1cdabdc046211d0f,3090
0xbfea1fc3e4422f63fdf01ccf842d0498bd3d3713,3090
0x073eb45c638b9d5e402074a2528baeed3b939c27,3090
0x6003ad07b4a4efe2d475de7e0e63d8c309f18369,3090
0x601b5ee459c412149604d0762f0a5779339b46f0,3090
0x78c5d1829e8d1e2b65ef3879820afbdc188d3ae6,3090
0xcd26e78593a24f8d8146471681e31f17a4e41b2d,3090
0xac4a78e85be97acb6a788e330e6e47c33d81bef2,3090
0xdfef9f0b0d55bb46c5c1e61c56105efb88ec19e2,3090
0x618ff7c758bcfe00cce6256881963bada5a09b23,3090
0x81fc3ea197a9a988f75a4672992c4a11b5d44557,3090
0xba778c3c520a0e8b0fb0eaedc9d3d8617b09442d,3090
0x88440ce6d149b892a938dc196645ede8e166d6f4,3090
0x7c5c9b53f92aaedcd70aafedb36aa9f78b0f7a67,3090
0xf315fa648e87d892da7bd7ffb94508fed1844bfb,3090
0x2e711d07547a2e7e902cf2400cdaa4fc457876fa,3090
0xd554d2bb67be576913c5b8b0155ae1e2d6c5a496,3090
0x35e4fa3cb0330f65e23ee3f7c2b74c0d52469560,3090
0xe49321379110afe4cc043b84797f5155355fc444,3090
0x9a83da4aff68643c5215ac6383cc026d90800262,3090
0x6ddcc212e2ec3f8ff804fa63bb10fdba1f4c7fe7,3090
0xd12d5c6dd980dfd3dd31f4f1eb9a9cfeb40e2c55,3090
0xcb46915c6221e5d6d0ef50e55d30765c8a53b4dc,3090
0xc10c130142dfd8620aa4d3bd95f0696cde4bc10d,3090
0xadd8a710bab233722e228f91472cc345f635beea,3090
0x215eea59ac30e0bf5a9022c3b2a3ff3582a6fafa,3090
0x292c344e422d52313a83fec04b89a388c443b0bf,3090
0xc0337036ea96bbec9d100e7a80b59ac7f04f28b5,3090
0x220880b13f4c293294cd24644b5fadcecbeea41f,3090
0xb4d34d0cfd8fef775639b8e636115629dea6b81d,3090
0x807831ea5d84b434b3a5bc3728ab8f5c9816fb5f,3090
0x8c5ef969e02bac559c84f0a5ef83ed6a1e8ac931,3090
0x2ba719cc38ced934f2e906f591909ced348a89cd,3090
0x649ca8921e87d05b98df9e096d140f861cc21515,3090
0x391fcc515cd2d7d7ccc68a0286af19de0aab2367,3090
0x1d63a4cca65432680d99c263c236957ebb16e350,3090
0x3b466f21a6a861d047ae48d4ec0270e885bdd21b,3090
0xd5d8fc350252856190649d39582948a77839a646,3090
0xe1d604896fed1242f2d1dd3dcd59351d12713aed,3090
0x7837dc483aba4892b8e815325a1c9f9350548e5b,3090
0x2d08902c7bf539e35b806de89c95cde2f8b71cef,3090
0xe38a2623b6ecabd6a49ee8484fa6ba9c79868b4e,3090
0x2a14a08a7cdd8341934dd3090845b376e625721d,3090
0x76e44f97956e4fb17cc7bbd3c92a06e4bd67088e,3090
0x30e6ecd56e30bc3d6c1e08e0f3d8bc55adc32ffe,3090
0x80c6a29441f3fc7525c3a42c64e1a1c5f4894d15,3090
0x80fab64f434ba41ea4913e3a2632fa0211b97803,3090
0x228ba5a1d8aca3e5edeeaf25e7c6b8ee2b2d04b9,3090
0x4c2925e58de9628f9bf3274c589c48b295868b39,3090
0xb44ba04910505a1d7a509d50e6bbe418f3a3872b,3090
0x5ebaad7f8f7508f5f44505e011a8fb6d282c8e03,3090
0xad13f946227ec26ddf95325a412f9ba8335cc908,3090
0xc9b0bbd820c73c768eddeaaac4e1bd06d85b7951,3090
0xab51f0b65df095eb02c03b5ddb463e22ea0595fc,3090
0x6ee87e8e4028b9f6c82f0e0be03101a94a70da17,3090
0x4f42bc14c9a2cfa3da1f0217b71c22ecb7cd8171,3090
0x57005531195f26234ffa3272a4f9ed713ed27b3e,3090
0x0ec233b7bf6dc79b81a3bbee795e1249412e6a88,3090
0xb387d3b2165a50659fae993aad470dd290ee70cb,3090
0x8d3de41d374760c056f7dd880583d1f410b0d783,3090
0x2ccbbc4c10f5d807fdd447219b57d0b883a28dc8,3090
0x8bb39e254d57c3faf5f7d92c70dc2eeabcd66eba,3090
0x6a868daa104e7019c69512c0308428d559e7515a,3090
0x960eda0d16f4d70df60629117ad6e5f1e13b8f44,3090
0x1eb8b3b216ed9552c49ec45a4bfdd8e4917c38b9,3090
0xfb386a9cf0b40bc7f05140814f5bbd4d42d6aa28,3090
0xe8b7ccf816cf01b5ec5e41577a2847ccbc76f916,3090
0x13ae71db307648b7726513a98f50e1b9c88ef922,3090
0xc348c588acac94f5c75eec4b71bfc12960dfa136,3090
0x0481e9b0fc8d8edded9de87b838405bc5a5f19bd,3090
0xedca6c014d78650a687335e2375acf50fc5bae32,3090
0x5680b87d317d3c28528ed2ea051b724848505921,3090
0xa85cdd5478b7e525a808ef9707c3e33432ce1e7f,3090
0x5e0a1c6d2c4bf10a23d24bfc343cf32ff7862cea,3090
0xfd2da0878596a167c3565498aaad93ca31fef779,3090
0x4acb5693dc6e7db0f6bc285dec3263a892653ece,3090
0xe71d8ded9dee1187e25a2d0fca8c8b050559d7d3,3090
0x528f7bd49690c0353d69be67ed6a2b6f76c86127,3090
0xb0cfeba44e6b5cb186260c671f6d4a9c3a8bf9ad,3090
0x1783cfc786977144012d2752819542f563832e3f,3090
0x02113e0213701737e763144a4c9588c165d98baf,3090
0x8df6c4d2340abf4ab17eb8370814a7764a3f54f3,3090
0x30b8b3b6abb43698276086f8e87fda101cdc41d0,3090
0x6dbdefe9d9ff92e6190cd05a5da0d9a79411d52e,3090
0x6307b34930a1c17cf53f4c8385dceb65c3d71ace,3090
0xa3a71c1b7f87573f9b121e5b19fc2ebce4085cf1,3090
0xc750af639da0d988423384bb4e257ea185fc3d40,3090
0x949f26d98b2114f4f5575c1c0b9c99768ddf17e8,3090
0x60139673e7d51e9a039c0480e9a80a033ca38973,3090
0xbdf52e59e8e7141ec739c6ebfc54f87e11e94473,3090
0x3a48784ed390e64a2b9770e7375711e182a10ab2,3090
0x6dcf42e5d8aa593250ef8bf0c99ac04c8ad9d242,3090
0xbc32be4d2c70239b59435a5963e5024637fa193e,3090
0x34d1b942f5469bb9a68f8120075a41787a0dc4db,3090
0x6d89d3d0fc83dbf65b4a3d57e8d9df2e521fe844,3090
0x32887028fb1d0493fc392c08584e33db79650ce3,3090
0x4ce460bdfe7aba3521b14906b35f82b7be8592c3,3090
0xaaedd8eb5372e0fac2e0314f798ddf1c2c089196,3090
0x1358cc80d7566529ec7b8468a3acdd0eaba3014c,3090
0xbf2b235a7b51c713f1c0b1fa58fb62a212517fd0,3090
0xa768d8703a66f06ba398e785fba37cb39ae14e8e,3090
0x5b5ec026615f262ca34afbc6fb8c63cb96a5863e,3090
0xcaae682bba850bf8c088fd5651abe1bff51d1677,3090
0x026e626c170542e67e04c41834b27e437428d37c,3090
0x55144a8428f5e99f98119b5a8aea22764415773a,3090
0xa092080c9cece4a617a171c724d1161d770de393,3090
0x49f9ec1774adcb6463fd5f4bb868592bea5793e2,3090
0x5555556280c9e15507d7475193ff2deec88297c4,3090
0x5628ea504024d3739e98f45365bc0ef089de848f,3090
0x5b347cbd34e8195e8b7b0fc3eccfa05cb2e44b76,3090
0x0a573a087683f15d912251ed55d6e6ca21cfb46c,3090
0x1370876f4487d24d7df04fa30b974fcac7fd3aa7,3090
0x9beab9b61969d6d1783017b788668e15983d10b2,3090
0x127e1763dcf25d5246f4e4337c3d979da416c574,3090
0xbef33e3ebbf5853f51e154ad3bc03b5838ed1e68,3090
0xff8c547027a357b94c25e1754dd21f0c7f68fd14,3090
0x0191b4a64263a1ccee6def16f19843455ccb1050,3090
0x2efb04b4c64d0adc86a7be539d461b7ccd4ece63,3090
0xe52516eb530dcc99aafe284fb603f6b6200b1c6b,3090
0x5db692ff5b81f1631a99fa1c83f66abb99bc4e82,3090
0xc89fec7ef5fa0a23c1123792ca2680fc9d1ab6ac,3090
0x463aaf4b625edd4480a7e7347910d996f57cb638,3090
0x419f2ec027d8268852351202cdb5385cc35d8225,3090
0x0135fddcd0fd829e0637130b3881bc6164148c94,3090
0xc37a18d575de204d50f4721c9ca3e6f1b3e08fa6,3090
0x3c8ae81500de4711e6ee7d3a44d1b2c8664fb7eb,3090
0xba21b6055a191dcbe5b02ec114e417948c878477,3090
0xceb44259dbdcc77d02531f5f543d0769d9283e46,3090
0x5fa5ea1dffed8a55fc2fb40bcd79a79944bc1272,3090
0xcb23144ed35bd3e0609076661ea164344751f37f,3090
0x0bb719c60a097261c611fc0e8f045a17243d52b0,3090
0xbab431807c3b69df0cfda6c0c56c3a98352c9fab,3090
0x6bcc63b98ac96199e676e3a1554c6062dc5dc678,3090
0x80b1551b9425ba801d403f998ecd0311f437c323,3090
0xeaa46980e75828992e7a8156ce8032d2d49e9f1b,3090
0xaa147ee73c317e65ede5d9354fb99dfad65e45f3,3090
0x4de0512c9b2ae87f4b27124add1a448a3d4577d7,3090
0xdb3520144260b54f3d824d114f49e979397a29ca,3090
0x16ec5ee1cc431ca95de00b6c88d21d0b4d3fc2a6,3090
0x150f6d862ca995abb12cb1589949fae65b0467c7,3090
0x5a15f1984df03dfa66d32b81f8810264723cbc8e,3090
0xba601755ce7c9d674f7bcd74fc990d5862effdcd,3090
0x3449ae899b1fe76ec52f26be7ea3441d976a43da,3090
0xd0f88941b288cfbb511a05dac73742b2f906d671,3090
0x0b8fcee15918c389c436f2ce8f3ad88804b2b92d,3090
0x32c37a3c2c0f85c433b6820f382d637928a76d1f,3090
0xf52e3d5477f2c8ec593b28335cfa51f5db9bd8e5,3090
0xffe6d9d29480d0673c4fc46da22d21e245c8e731,3090
0x8b9ea54e89f15cd9b8a2ba4c2ae07bec937e9137,3090
0xcec4da02a0f20618137614bed66141433e390f9e,3090
0xf16cab115a1163560be7026634a6a32f2e848923,3090
0x7fdc2d0452d084e3d4256501b0c14c6254f27be7,3090
0x8bfd4114d4a266f696ad211f57fdfbacf7b3f513,3090
0xfc418f0855890eaaa3c760ed41e68d625f3cc9f4,3090
0x1350f912f00f09b8fbbfd71ac73a286c0cd814c6,3090
0x17bb64d71e8c64c6d02af2d13c57d7369167d45a,3090
0xafd6139e2689a9a971b1b5cecdf4ae61a3a58dd0,3090
0x71c48ead39e50419c66c4e74c61ef6d3637a1776,3090
0xcb6141191cb6bc26892ac687a3d5abab11239b46,3090
0x190494da3fc21e7838c1ab0221b725216aace134,3090
0xd18aec4ef9d692b5a45418fced78908de3afcbf1,3090
0xb5aa7f8b519839e0f98926df755b3b7ac877010f,3090
0x1575c75c115928e040336dd7d96ad77c29c90600,3090
0xe2c6d55c957bef46cf3c402f68811fa949d67b2b,3090
0x1c27b0257a540be666b9c6655adcb8abef5acf9a,3090
0xeeb84c5c56c57fb11cc83ce323646928a225559a,3090
0x4ec3ed9489d8fcc668b1c4a60017dc1fad0d7a58,3090
0x614007612244818746d61c0531ec8d0854267b39,3090
0xd911043d266c4c73f6503a416ca1b67cb340469d,3090
0xa850a51b5b603c59b8eb7fb1e34cfd70f6c76ff6,3090
0x4ebffca59c29d74b225542b7d90c7a9fd104060c,3090
0xe54d44f82261619626fe9ce4b1e4758c6d8abc49,3090
0xea411d6d3d5250c8d368f330d322f2a1c45da5e7,3090
0x80fab22f103abf7a0594b09b52cdac5cf71acede,3090
0xe1e94704f639e12e15b8ee6bfaacb0fafbe521ff,3090
0x5c6f4f592ff8ea7c26e9ed072518a5e162755f2b,3090
0xa57dbcd411436bcce38a597bbf647e6154b55604,3090
0xc64217ddec68a5043d742a644b1d37d901d133ec,3090
0x2dddc934b7ee38218362090aa2bfcd5dcce7ced8,3090
0x6b8b7a9af28418c99c68c60e821d238705f6bf84,3090
0xeafb49e2f4f70e2569b4d49637c070a3e7245b0d,3090
0x073f114f5305b7a38b0436f592f4cfd9f3ff118a,3090
0x5cb074ff22c9dfa3a828d8d5dd3726d322fd65fd,3090
0x624bb0dc84a457545d21d4c62a810462dbfa48d0,3090
0xc09cfa3841650f97e9a6cefdf4170ef652809423,3090
0xd13904c6f73d5328a879c3a8ad0e804d149e4c79,3090
0xdeb6443aa28baee3b366f9ecdfe40e822bb65e94,3090
0x5c981bbc7d31f546bfd5d490b26f1ce7e47b6e74,3090
0x93bbb709493d5fcab8c738070366401168982fa1,3090
0x4679c6a025c3385e6b842dfa7a3d2831fa3b1ac5,3090
0x91f22f4c0f055705f1ad6b2e994d0c8ca3876aef,3090
0xa4ebf6f14a18b60db88734bc1d9edc8944433f55,3090
0x2e811d890ea7c731feb29c531446753808d9b073,3090
0x761b2982ec5d922feeb35d2122509edf66105820,3090
0x950c91190e29f2ea5434fb8592de82c038284c69,3090
0xf7fc02af4544a9b408aa364b16844cb8651fca5d,3090
0x7b21a040a65442cb58bd7dbd8a462a942f566822,3090
0x92af43a456238df7f7ce76b796beb6f62caacefa,3090
0x5c1935840b9a9bc54e223feac4e627090b58f3e5,3090
0xa019c9ad3b2754d71181056c8e4d96a2a3845c4b,3090
0xbf165bea2bf42eb869dadb8eaacfe70226edb054,3090
0x4ba44dbd0380c137d848771f7ba10dda9dd5f27c,3090
0x2dccdb81706b8f079b14331e8c6941e2f4965cc2,3090
0xb940fe2b0c92c0333631796e18d14a488ddb692c,3090
0x32373a0cb01b4ba01ddc63e524f0ca3f2dd65259,3090
0x512735b59068b43f3325aaad1a1cba39cf571dc1,3090
0x78f4551a1d2beecfcf1ec62fc53881f7583af3dd,3090
0x0c2bed547c2a202b6642533954f8ab7cf7b32eba,3090
0x9652410211278edbbc909f54636684383c4ee57d,3090
0xa6b81ef1b3f0d82c2d264287c2dc9994f126dae4,3090
0x434e2918f5d212c436c652c010767611980556ca,3090
0xd49104662583e1928daa8758b0cb3d4153c95096,3090
0xe8eb1a5fbd8b44c1772111b90fce729e78a79f54,3090
0x401c690f044def04c825ccfb7bae431635b30c22,3090
0xdef8088fc009ee454ccb775b1c60d3b4738c7271,3090
0x7fcb35abb778df7f5e8cadc32af62e8fbcb2e3e1,3090
0xfc010f66a3c5c356380d13be39837c0f31d9f20f,3090
0x88f0306d153cc5e80c27edaab34472a1c777b00d,3090
0xde039b0a3f1f03283354ca1084e5e5373525ed68,3090
0x1f335c8ab8514920dba51a72f39e92b514cbacef,3090
0xe0a942ff2e1724a2fe10627728be327a43fe8c26,3090
0x32ab1b2550735e23fa3adc0dd277d618bab4afff,3090
0x4f7997d6c71aa12d446de0098e2d8e2b8ef2e4b0,3090
0x79d2ca8d133a2b7958d935851f0e414c3917b987,3090
0xd682faced9dffa679ecd04535ac1936297517334,3090
0x180840ad298fd89d72ae38947cfc2bf0b6d60a1a,3090
0x216b7a49178b473ccff0f3a07c2264145569d8f3,3090
0xa44697c5c33e30f7cf2698dd380203d427ce1bbd,3090
0xe1f7e15f3bafe9e2b999ba0758a5238de25113c0,3090
0x798c14c3c88342dd2b8bb579488c74020789d948,3090
0xf450c00ef1b5a47d3c3cc15b9ab71140346ceffe,3090
0x3856022c3b854ad607af62708a08a1c635e5a1b9,3090
0x6b2e763ccadb423e3e9e3da6cd2d7bf0585ad48b,3090
0x1ecda3bdca5b0d384d365996337512c41852f62b,3090
0xe359eff26068b6134395857df5ae61ec1a3b5560,3090
0xe0bb21a7edd966fedb455998b0daca59184f000d,3090
0x96537a0f15bbbd022a74bacfe5961da0eea03d29,3090
0x854c7407b9dff343a29bf52f7ca34f52a7856a69,3090
0x8c90347b686e9a2afa8a8ede95c980ee04d7e7c4,3090
0x92caaebe129d50f942827068eccddc71671ae8c9,3090
0x2c2fc7287969c90e804007c38e576de95e0255bf,3090
0xe2ebda2a348caeb9e5229a08addc2849bd461b33,3090
0xfd8b67638fc1a1996405b910b5dfdad0b3488cab,3090
0x84bef8f4f593e93f4558e5c3048df53a1b2b1746,3090
0x555c498ff49b7384a6dccf3783e2d6dcf39eee87,3090
0x7d7d89442d18ccc8cc6ae9376f0d5b0119656f98,3090
0x25f028f3fd733ea8aa39ec174ea72cb1994dfed2,3090
0x9b448121b9f4d797d3afa42de39b8c11bf0d7304,3090
0xafd389818d4ba8635773d42d271db8d1877a7118,3090
0x2db4625a9ece077cb432d1a84b85b03c15721be6,3090
0x217768ee4b4e558582dae849247e08c2419f0834,3090
0xe2a00265e2f638da67fafd476d323acd9a5c40f5,3090
0xac8566fd11ac971bef0eefd0461d672264551493,3090
0x9cea5304597dd796ad56b2b21a2cb8faa346afae,3090
0x7f4855ba1593c23accdb29dce775eabb619f06d4,3090
0x6c35e701b6e7c12757ce1fc9f1c9b03af3fd7b5d,3090
0xfa08f31e5ca67d22f6d9eea7d3919defce12a870,3090
0xacc9039b4e1574e3f287b89dadeab7cbb296f28e,3090
0x499229d157b926f13aa66d730adfecd2592ee7a8,3090
0xd40791b8d62102a3dac6797a18939b9209688e20,3090
0x3f2399fe0f9e43672793465fb0ae7d64ce718160,3090
0x046c32d3e5c4ac209ffb95c70c642d3f3e050858,3090
0xe4d994451a333bac2bce02baa4442b62f114d192,3090
0x3efe337c251d0368d8c00f44ec8289eec6db6596,3090
0x3d55693b278bbbd0886000a5d35809f6a5e00cd4,3090
0xa8189cff7695d1839b97b219129f9ff346a52ff6,3090
0x6c7c4ed26f46ccbf2c10c912da6914aa33246223,3090
0x2c9e70dfeb48aa32b9ad7da92e79db921819dfc5,3090
0xa974b838019e0fe60569fcab0b12afc58b3d977a,3090
0x8c809ff70a1d5261f11b4fbde5007bd4160bf33d,3090
0xf3847d1b98d5d174af61e03b33b427a65569eddd,3090
0x78094d99a606e30f4545d1da58a4eefa4e3ba85e,3090
0xadb945a204ba335c4334fd448cca73f5f855921f,3090
0xe6ae5eba0e892c7aef930f66022b6701efe714bb,3090
0x34ba96962fc4c2c895e648d2c246c6a9997788f8,3090
0xf86cfcbef01d59acebbdaabbdd41a682b3b49be8,3090
0x6cd18bfff12e72c489b9a3121dd24dd86fbf8ebe,3090
0x4120457cce67af3453c7324476dc977b56af378f,3090
0x4024c5268359f091f57b735889fcbb4d930944dc,3090
0x895ec40d1127d1ad62bff79112423addee226db0,3090
0x7eb5b70e80651229cc17dd62b325c77715030465,3090
0x89e1a971d1f62df8ccdacfb11954d8f1c81897ed,3090
0xbb4a7c9572284257c9e41aecbb96f9d542210c90,3090
0x3b7ae88cc7ca60f08e0e2c5a90a40b6645394c21,3090
0xe676408ed17ab5bf16f1f19d16567127348bbf93,3090
0xabe47bec0bee293bba51b3888cfe59ab12769ad7,3090
0x93f09a55dbfd3dd9e350915102397287e3e0e7ee,3090
0x1249d9f6e77db8be73353c765b3b018731fa58a5,3090
0x62a8fa898f6f58a0c59f67b0c2684849de68bf12,3090
0x36665256c6bad833168ba2bcd3dab42cbf456ee2,3090
0xffd8d8764d2088fc077a9132b1dc62c73785849d,3090
0x28f3a5a9d697c13186adcbd3135240090aa35752,3090
0xfc3c787fc5a58a9a02077ca5cd6900e2fda0c94d,3090
0xaa70319345ba2d19f79647c19c25821380e6ed36,3090
0xff278cd2ae167060407456f1b596e9aefbb1b16d,3090
0x6fb6841a4d05ceb76369aca94535d5eb5fd46ed0,3090
0x41ca9ef371897b8a92fb8ea495863fb562ee4165,3090
0xb8343fac457b2ba68981839693e60249c79c70f8,3090
0xb64709045e813479a4260dab2f1db9e8a48d061d,3090
0x56ce5ce1fbceb0d93b82d2f13a1b0ef89ab8fdf3,3090
0x63768e713497c89f71c9c489f04f1cdbf165450c,3090
0xdbbd4880cc6fb401d67b58c940ec6c680d74e420,3090
0x1e4ff76fbd5b708c65562c7869c523a6afa7606f,3090
0x2d2f3d333251d5623933d9b067077b8582b38952,3090
0xaee6558a6ba2491718a7761139b8db871db05bd0,3090
0x1c42169ad51742b300791ab4030baa0edf74ae17,3090
0xe2e2a15b5a2d0a6eb5ce5b82e5a4edc1e0ee1a15,3090
0xfc857d53394a9d611b7dd070745912643114c92a,3090
0xf266798665f805d31b8b7d6fdd66438222b79007,3090
0x8939cab1d19b13f64fdc882ecbfe2239c6e04b07,3090
0x73000e999bed4536ed643029007c8e97a71ce7a2,3090
0x3845d77b548ae4120cd2da757443ca37ff96b3f9,3090
0x1c3a15d75bf8f82edb9970bf6a93fb32109e8720,3090
0x75e0131af2dc87fe2442a47c08bf9f5b693b467f,3090
0x667b28daae318f230aa319cf06fa74c050151903,3090
0xbac00e8e8217e9abe7d44349bbf6670951f5320e,3090
0x5b7df8650a3a956b81377c08518977835ebc7cdb,3090
0x70a928b4b210ff3185950ebbf0c67c7aaba0da3f,3090
0xb61ff18474e0fbd03d7dceb566e9f0193cf48a68,3090
0x2124fba895c11e3288c06658d278b5440fa2aa0c,3090
0x6c5c6d782352488dcc5d42997fa121f376b610b0,3090
0x41e5a482ce07eed8e58155f5cd4b64f95a6b5619,3090
0x2163a07790d0973884fcbf270beb6967b92038ba,3090
0x4c489433e411dec96f2bf82d43ca99ecc90723c7,3090
0xa8fc590f954d004e072a0dee742bc5bdf317cb0f,3090
0xdf4c675819651741a323fe805372d479deb545a5,3090
0xc562e60f13098805d62e2102d488c212ae00af66,3090
0xda0364167bdc4cdfb7a14cc5f6816b610dbbc2b4,3090
0x9b7437fd97b1eae0457c3e77b6d3dc03717056c4,3090
0x75631ae783697f9f972b960e468a8b659e89fe3a,3090
0x07ba28b9e92884dc588d6b0de0bd14d22eceba7d,3090
0xa1836ebced20685cc57ba6bf8b570d32a53d9f3b,3090
0x234124f5596a147dc3e7779daa0757b978136df5,3090
0x49e8144d37eafe27840585281b17f06ce54d29b9,3090
0xcbea1a8ba7823cdec6920fe2f0cb4ed2bf64764c,3090
0x511fc68bc9ac90a86aa7e33130168f3f9782133f,3090
0x0b38af48009a38da0eca1d456ccba56eb80153e6,3090
0x3352640be5c1c26d0e0f36e1cc3847ade4d79806,3090
0x1f886bb69e3ba6160d446577c5271fd57526f599,3090
0xe90e71f662722fc4cb14c53c628217eeefd77a0b,3090
0x096dd05d5e0abc910d41e080562e7f22b30b1864,3090
0x80f603c33aeb5d504bef9a0809383ca1bc589b67,3090
0x8f5b007dbe29b5875ec57220ac89718865944c49,3090
0x37b722cd72b5a5927179f5a0f4c4589a743eb440,3090
0x57c3b9716a1a7d72f482ad0042f9251ce5d28cb0,3090
0xbed91bb8d6e29cdd11ad9192212744cf48e95caf,3090
0xaea263ff92a7a8a2f183a4aa44efdc7e3b47d794,3090
0x7cadef15a914ce72caf85b5f43eb41a3a8fd820a,3090
0xe3e1ed6daa279539d60d437a20b937e62dadeba6,3090
0x8ec74d3339b06ec116303b8260543230aeffd9e2,3090
0x4df2f76077ad8395e29f610ce258dd940e7f6522,3090
0xc4f7dd795a2c02e427baafc379d3522586d0fcb5,3090
0x7641002bbd2035db731dd7122ad11f09cffc1f15,3090
0x7086918cd79db480ceef0eb473c4290936ea40ec,3090
0x2f2949dbccd8339baba61c5c8760d729d1d81836,3090
0xbac9bbca271e61a55ee078372803ef36b853ea44,3090
0xfe84bf2d07d1c4636b3f0b993825bcb2ac09585a,3090
0xc4f0e527cb6d6238736cd1fdbaaf8cf1d6621df1,3090
0xadf7aca2a3650ceda8a1ff7214190374e2ed3fec,3090
0xf75d6c7dcf9c707e0cbe7afaf88c915aafe06a14,3090
0x849e573dfe26e841e27d67cba4ec7e21dfb12a9c,3090
0x17f9ce13fe1de4abf9cc27d2e6468146a64421cf,3090
0x4a1bd41cb8cf734f9b05fcb1d2f9ceab11656b4b,3090
0x015e17de5fc58dce5e5d1f45c9d50ec2b534417b,3090
0xa79739059970fa88077a21b86e988c1a96aca320,3090
0xbb3e9aa9fbd8e43a013f59ae9be1b6d8ec37c1ea,3090
0x6fdbe175a1f37fb024b20b1bda318a67f80612b8,3090
0x24bf0a9c64df8ba1df408e4d04e1ea950da93136,3090
0x020060ddc84bf3755dbfac98fb0aba739fbc0607,3090
0x80f6c4dcf6420eacd45ffe66b99ec6dcf7415e21,3090
0xe5c8a83f31f88c7e76ea5659315ee1f2b4c73669,3090
0x52a91590e09961b4b810d13e46017d72d5386052,3090
0xd07ab898b49c888570da0f7c3d5b15f6f3ef9688,3090
0x667857a23ca8df001155e12f8ac3912dc6fed603,3090
0x20a6da7faf8ce3fa635a8f894cef263fa20fe015,3090
0x1efedeb47c35470003bc145301725e254716e7f1,3090
0xd14d32f30b184983d3360c6f4b6593d41ed834f4,3090
0x3cc71ec95202e9caeb769d4e8d3f1d813d2627e7,3090
0xa74a0e9573dcd6b51a73203b027db4bed4ae15da,3090
0xd1a0027d960a34636d52e952038e0e719ece9b08,3090
0x0b2100992f31a01922770aa050da83f00accb92b,3090
0x6c430a6801edd72ce7f65ffbaa6f6d5455c076f4,3090
0x7b27047e046ac147b58ba409e12a2c563c5ec98b,3090
0xe6362f9c2b27de5593c7a79f9d413d04bdc38f34,3090
0xd038f77ec21112bfd547c2863cc5611a62e942a8,3090
0x97b99ff519dc6acedce32bbc28a22afe27fbdd05,3090
0x9bee988bf4ed024fcb27e6d0a0169d970e0b94ed,3090
0xae9be8a5bf0fdd642783bfb89d4e0a2210a1fbb9,3090
0xa89ea4c7828bb5a8b8845865e62561a267e279af,3090
0x20330d8c764a4ccab1a7bc8be6478f21100abb8a,3090
0x0ca61752a12b30705c5f5ab55af87d210d985b0b,3090
0x7776f9c91fb2b94a76938b11a29a6ee34b3ef2b0,3090
0xe70c7a433540b1b50fc5fe85d045d1cf827bc084,3090
0xf1b06a9d8ed3d1b85b0629f45950bbe513e21fe4,3090
0x44410a623819dc5cea5fd362aef4941cfeb5f9bc,3090
0xcb08f7bb973455466369f0a3a2653b7d9e903c0e,3090
0xc403e774194cea3cc3cd0edda57a47c55274c2dc,3090
0x54229321553c5b9adf7d90e991deb153ca38b57b,3090
0xfcb19fb84bef2cff8de2c32620b463c1e3b632bf,3090
0x646b31253867c22932880b47baf1bf59a6e8e287,3090
0xda58b5b57dc8f9ac4756615e1bfcf46f69ef1914,3090
0x0a7f544ecdabd8d42f4f3cc1cbeb211a4b46429c,3090
0x7d4f52177e793b30d45c9fb5b355f653eeb52a21,3090
0xfdd6dbd9a122b5486fe4fc184224a0a4435d8118,3090
0x8e70af3990c13fb459d6fd27f14b6c1f43741d67,3090
0x763ab08bf3689e97cbc8da600af3b32826713267,3090
0xbad11bc0e49c2f4e65cb6d1bbe03359b6c23d2f2,3090
0x95ce74cc269f5de068000d177ceb4ce8f033efa8,3090
0x246a6fb0e977eaee1bc647fa50fed151769ebc84,3090
0x8df166b842acaf58896d26a8d308f6996329d76e,3090
0x4168d7e6e5597d58192e455558e8986422e7218b,3090
0xa84a726482ad28684313a905dbebc89e64f47851,3090
0xbbf1fce381171618bf8ca8f2a337ea5061f11bc3,3090
0x109521552f472b3c2eed0ff1d0b45a107ea008c5,3090
0x982ae6031ebe31e1a01490dd4d3270003d732830,3090
0xca921fa777bb90721d801b7af8c68dcaa41df681,3090
0x2d076d23ccd537eb3489d75b0375f2d92d6a716f,3090
0xce069f944c6f7c6bd76f7db83408755968426f1c,3090
0xf05eb60be3c74e0ea900f18b587642a3f49a2f85,3090
0x0d671354cb247b6155efb3b846e118230e2a17a3,3090
0x458db6f2384f45569f6a1fd51eb40433cef0c0b7,3090
0x85e1a965882a4c5f6d713b8ec829126714c93190,3090
0xc01af84eccaea0196f1c171cbd6452764ccc4852,3090
0xb85e998e3a8dba6e8a0593c2d5da7e38381b32cb,3090
0xda24aa83ef7c1daaad3e40c8de2e4737908bf636,3090
0xa37d12668f9bac761c8624b88584f0b2e70855fa,3090
0xfed70da796916f989bcbc5f217e4d4ca405190d4,3090
0x500b40c483b115c39a27f1c8b33fcd3006c4c5a0,3090
0x1992ee55e6bcc2b7d718ef9c5835443eb4408839,3090
0x7b5168b28d237f37a780eb1798bf9fd31ae9fe85,3090
0x081b20eae8bf9d930012531c55ea2bcd48e01ef6,3090
0xdfad8676de90ef7fbff4982854de2e79a339bd3e,3090
0x2e4851911aec9674f54616d92e856d8f8b725490,3090
0x7df7961c926760c13cb92ddbe62c5d3b05fbdf43,3090
0x1ef06b46672a141a27e019b7e64adb3293c80ed6,3090
0x8c4082c711e9f7d4536eecace5e6df777ae5b5f4,3090
0x3f05ac8bf6e595e3155c9c3e4d697f88cd687d26,3090
0xc870657081762da0c0d3a4ad5a3cfe2b9a301c62,3090
0xa34a2dc2d646346af1c88af8c6712ca4ecd23225,3090
0xacc54446474a4ba6cfbd85bd7338fd16bef68170,3090
0x3afbdc3d28123e3882827022bf84b62a8a0de3b7,3090
0xc98b6dd2d1197ea480f7f598cb3ba5dda04d2e86,3090
0x4c8d675d9845c85f4f55b7fdede2fb48b0cd6416,3090
0x99370212da3b53d522a35af3874a6eed34528be3,3090
0x307ad7472ce2c9667b13937d369ef9438a88fbda,3090
0x20b3ebbc3cb8ea5b7471d838aeac45c46a933036,3090
0xc6564748d506994532b0db72450f38a87a597d56,3090
0xc9fc181385802e022819161ca20d56b950792010,3090
0xeb2589794ed759f2598c87ca24e0768c7db8d3fc,3090
0x0cdabeafc0e7bac9d593751d330ec009da170998,3090
0x5887c6f4a5b66c2304a183ee86102a77bde68ffd,3090
0x7ed4cd2be076ae6354b8ce492e9520257dc08b75,3090
0xb14be0a9f67ef3e8bbf44cfc516ad17d186b3aa2,3090
0x3322be645cb27246e57a274c98474337d091cfbc,3090
0x11925475ebd17c662409d2c0c352f144ab1ca637,3090
0xac2076d39ab4eeca25a17107ab1eabcc31c46d2c,3090
0x4ca265c25bf8b68c0997f9ed540c5f894e784140,3090
0x711bba8dde1637e7226c803fb12d7906d12d59fb,3090
0x14c907a185f2bd32a7ae0728d973dc7caba6bb59,3090
0xe36c0a7e2f25300758f8b0374cf013dc76d8f97e,3090
0x30c1fd89217ddb02ee8547c419edcb6042404bd1,3090
0x90dbb9454e3a41c2ac5675dd695b5d94366512a0,3090
0x183aefb162c109f9139947067a024976aad31d0f,3090
0xa19db507e803cd8a907789ef6d996cc868cf8e15,3090
0x7665818de017c388bfc0650fbaf7b25f89f6d580,3090
0x7d8369a56b87c36b6235de911321f7c2a1b64fd3,3090
0x44ae341b35d44c7157c0c49b2c7116b36ce98511,3090
0x9c622fb1479a112ed1dac3508a9f131f6b4ef61b,3090
0x6bae9de44160319be34beae43b28375ebe06723e,3090
0x0a86bbaefb3c80a0529514d9656afaa6169481dc,3090
0xa7f96035556989d497cf595067a3fbcc0c03829b,3090
0x588ded8628dc559df27544a64a53e2f5658eea4c,3090
0xddfc7ac78297e447c82e2d2052f796b53aca8929,3090
0xe6b6ae90219713832ab18d61da61c9aecd7287fa,3090
0x5d1df01410cfd97a009230cf389b00f501d99741,3090
0x23aadc87fd77b34fc2bf7106605a81fba93f54e8,3090
0xafc33c7d2025702e0a83eebea8874be5efe49ab9,3090
0xdfe8b3e14264f421ad896c24086d9a394c07db42,3090
0xbf8462e2d7f35613c553ad4cba80a472c71ce3aa,3090
0x74da371ca7367834465810e1d6d6fa9d6b0bdbf7,3090
0x9631674144ffa8a3f19ff5eeed953f7981cdccc1,3090
0xdc61e40043f76bd4d6a632ed1062e278284ab08c,3090
0x2c02cc43ed64ad9e7072e70ccbdf8f9a6f10b2c4,3090
0xeae99a436710750428d71afda38dd50849e7e90c,3090
0x8b403df2375901ea93a47cc51460ae543c901cca,3090
0xba227ecebc4d2a0a86cf8732d6b6b392b50be4c1,3090
0xfdb0c6068209e9d838659b50935ee5430bf34e0c,3090
0xfe3ce0568b9c226402e017e5aaeb1b2b6bcf4099,3090
0x463874a7755e39e04e5041fb8b471732d2351c85,3090
0x19284ff99604ae17fffb62c15cf860ec4c1577e6,3090
0x287d1951d071602b377bdbea4f47da8d200d8196,3090
0x88384cd347d9f20719ee5fe2183adfc90b7eade9,3090
0x516f4522af1bd00dec110f620510f02a2e718da2,3090
0xe6f4520d312ce66e73f93697d166b1d05adc2468,3090
0x68d9c5ff7aafaaeaa0506bbedf0eb969508055aa,3090
0xc90de8bb3d05fec0c36d922bf2bb35e498c829c7,3090
0x681772aab2c5f175ba1955cf69f1bc739217399d,3090
0x985d48da4a073996fb98e37d64b0f27b72ba3c43,3090
0xd8844b1661e8d7f22eb34feaee49b888be3f7f9b,3090
0xf4b0c292865a48e8c2fc2fbd414351658b8c80b8,3090
0xc4da78d33a47958d2b72a5273389178efcbf636c,3090
0x7acd95e98e978391ccc140d120be87f138d7fca0,3090
0x7cca0ffbb8720c96d66cdcc3ed70b8fe0e4a5811,3090
0x3e88468e6c8418174d9add2fcfd4fb708cacb009,3090
0x3f39cffcc0dffd81f8356a9a9589768b7f847407,3090
0xcdbc132970551c8c088bf3a0689e1b62addd3841,3090
0x3390eb871f51c147b322b3b69b2ce4015e46ce47,3090
0x5188b4d07587d1455f068d5c17aa1d881880bf19,3090
0x97fd4f67ef5f446ac013845c7b791604502b9af5,3090
0xd52bda14a90c685e6c04015e793200ebad5d3587,3090
0xa20f653e39ca96828513068e5d2c8c67df89e8a8,3090
0x054d7c65914ed2bb12570fadf90658153746236a,3090
0xd6372424c92b83b159701c99b0ac27e217e9d70f,3090
0x12f8c94e51945e6ab4c4f5822a3c93b42310e06c,3090
0xe52d72398a68d6e40df7572fffa85ec292745922,3090
0x267a39a58ac7a7db17c496e7f2a3937f0b36bbe4,3090
0x035ab3eab4dfc6c9ef93f163358e6911a6cb0e74,3090
0xe766b7553669bf79c454720b29a4f702cd13e12f,3090
0x4164d7b0336a948dc80a66490028d4802c2b6bd2,3090
0x40d5046dbf43ca4f215249d688bc0c459ac42230,3090
0x8e31d63313b75112f3f33912696a1b264951eadd,3090
0x0c2fc8aa5c445a075cb5ddf84aead03d0ee46516,3090
0x5f8cb23b50bdac8c030e68000ef91985515fb96c,3090
0xda2c36d94850b2599b1bcca2de16dffb5c417bcf,3090
0x57e27aba86deb9ec88612991878b482f8e70619a,3090
0x9dac3835a0ddc3801e7facd305bde4e5b1582e6c,3090
0x91b9afb2b6e8f83a5e73da590c9f51d73c13e800,3090
0x2afb8e7b7dc9715584e5751f4231d01923fbff7e,3090
0xd4bff2e49d13ae2fe47f6d5f5611b1d0499a8d31,3090
0x5efea13b03810a571b32494b726f084079e4b0e8,3090
0x611f4575dfee18eaf4695e562f623b0050e79d49,3090
0xcd5b736555742b93e15af51040683c01408f0c85,3090
0xfd7fa10d3500c17d91785bad2f0f0133b2cc93a1,3090
0x4434c2f90c10f4f7fbe5d4ada5ef2dbb4819331b,3090
0x922d1a9b15c894cb6683ce2204721aa04ea86f26,3090
0x4b2dfe3bfa39ab1ac28c2af401e53c6a8ab16ca8,3090
0xf9cb4d3a994dd6cc54be497fd2611eb7e7204e86,3090
0x83795e4ffe3e681a5ac05abb8cab98a3ffce15f1,3090
0xc0c04738923483bf77088d1dffc1a30240132818,3090
0x03e034d6c3b598385601839d280b06d1551f892e,3090
0x59b3064cb576d849d62232b94e86908a9396f777,3090
0xf1c0722573153a6eba682486ccce6a8e00042a59,3090
0xdb9683b9bf6b3a6e823ed3bd4c756cce7dcf8d43,3090
0x8a34a54d1d36b9286b8827b7ea8ced97666b57a4,3090
0xf816433683ad38146af38671cfe07eef6e79662f,3090
0xb136c8a135215ea786573e4cb2ea7251ace6525b,3090
0xb26adfc8cbdf27a4241d3b701938b3b9c4670841,3090
0xf5c8034885b10ab81a08cf85a0dbb9a430028712,3090
0x000000580b7944fa457fbca7b4317fafcabf1fe3,3090
0xe2d484e0b68790331745f8c2692552ff3ea5e423,3090
0x92e45e3e8d4f629ff17078ff7d686bd052e7dc9c,3090
0xce9a446fd4a11f0bfd75f9126cdb5bee8239ee99,3090
0xddf8640d4085b8397b75c7786964e5a5283db895,3090
0x43dcf2c50162649676574b25533e043b73bd99a8,3090
0x4717cf03c0cf7d23e4695a9c2ebafea81fd0aecb,3090
0xb56c5aab95a25872924423109682ac6d42eeea51,3090
0xded2842ee66edecfdcf9a6a84b16e3d1a40fb3f4,3090
0x2d1884b600ea77a8af90be8e736e9f4ffe25e0ff,3090
0x89a91c2509188d6f9eb6f4e2ba3a01a9fb3a7e8c,3090
0x91f0bc599baddcd01a53c0f31060e37833770ade,3090
0xa3331cf0d9db7c65465a64d07a8cb2ed97b1187b,3090
0x1fa7de29625f5c453af144a2de4823984110fed8,3090
0x6fb95be8a8f0e585afe9af88af0451abe6403c91,3090
0xad6d93d8719f26bb759fa15d59b3b9a09186be3b,3090
0xc4697fe613a5db0c7d944908001cac5967b9a08f,3090
0xfd7e3678e0d7916a7817d798cb283c0299a009ed,3090
0x6fe89bf5d20fb85afeac0cc34c45b677c69b0a3c,3090
0xd55e63f957bcc4f9dffcc5ea0297c7be793f3b29,3090
0x5bf2c82bc66d561ebf0995eabfa26ff0ec3a6a1d,3090
0xcff44ada03447d242b2b552a1c02aa5b80a8d8ed,3090
0xee11ea45b379775fd3bb1714584754551047432b,3090
0x1ade6ddd3f8ebee4d95eb9ff934d65586507c829,3090
0xa80b16e51282b662de6d97c255f5f0bd5e4a22fc,3090
0x6212423b7c0988474863b7541e4e0e78300a0870,3090
0x7daac29f3c4c3c7d613deccf4c46a9c15fde77b4,3090
0x1ee8b7bdfda0b71623d651bd7f7d24683b077e08,3090
0x3d4369cf926accbe36c412d03d27bcab6fa8b326,3090
0x68009893c9c9c82393ff937441a94ec8883a4d30,3090
0x7df01d851fa51e2204272bd6a801a31188f4b879,3090
0xeffff21b38975e08f22e0b1ca0b6f248e209acf8,3090
0x43ae98b19214dd320cd73f3e130edcabf96a9026,3090
0xa69701b43bcccee1c64009be3872595f393d944e,3090
0xee52a5f821f7efd1e4a640ff70f40fdd5b561b3e,3090
0x5ef3ad75519bf76ef49ff37b5d93311f3f03de58,3090
0x7979cb300dcef3939e8ebf30e7ce13c47e31a7c6,3090
0x3032bdb3ca4fe0162fc7a5995c1864d421f07ab9,3090
0x8bff7dbaf23cb31774c827ad970d4b70f76e7fe2,3090
0x61abf13af42c19569c4d977c328448c04c36b448,3090
0x0149ab7bbcf42ad546a69b86c1da2dd099904c0b,3090
0xd9d61ec6444ebd29becd38f356b656ab54ed3e11,3090
0x8c03f91bde42c51431337f8973e80aab2036bc8a,3090
0xe65222d7b024e5c54c8f5d7772f2d1cab50579fa,3090
0x048fc997c2bcb590239f6cb6ce915e0f42c46d98,3090
0xc4692cb9641d1ae95815f0bf3ae8038862475ee2,3090
0x78a03e1d943522fa925acc6fc5f45bab22eae0fa,3090
0xe3ae00f168bc7c78668d2ec1d1c32b5c4da8a544,3090
0x69d01a17a75518ec4b4d623ab989a6134aee8f76,3090
0xc42dd2ed11af63a21b01eac48ce51bbb911f523e,3090
0x0134656590a423ae33165024baad9872cb5af69a,3090
0x69c37950a2d41ba7080e67ad05f4fa6428d340f8,3090
0x8b07041753fda171e6e97dabbfdfe3519b4c5256,3090
0xe3f946e711ab4a415d93f64c9d56461ec0a02258,3090
0x1ff4b78c7849f08b47404e4138ac8d2cb7213666,3090
0xff6d58ef32ca3a79323a42c1f0f147ac4ed031a5,3090
0x1042f17590880bcce56587a29aa04f52dc6f7fda,3090
0x7c1b5c97d8df4a57f17651ca5ebb896eccb9bf57,3090
0x5d18c0f705980ba7df402dce06a95ec8ffa2320b,3090
0x140cd2231afc39eed7d0426b079db9d09d31d9f2,3090
0x004c2a8e1ad23283680098f7cf76a75eba18fdf7,3090
0x0f01506e404cf76140a1ce092442834e6294327d,3090
0x119a849400dd8b61c8ab8995cb37af32dbbd2d8b,3090
0x0b24743498be41ee90123be6cbbb5903c26c192e,3090
0xf3e5c00cb8039c2da38df64e6ff6c9655f232fc4,3090
0xe8da2e8385c21e940f5d07221786a193346a88c0,3090
0xee3b64210adb28638d5686c3ceef1b41416cf046,3090
0x47f8d2e2d61a0f43ac562bccdb1466647e5a39e7,3090
0x4fa34671b0656b1d0c64cc687d168c96c8391b8e,3090
0x8164f0ac85ed2e841364388034b073e0a86f4222,3090
0x9fc6fda6c0e7f4117b3bc58aa05a2781fca528b8,3090
0x16576e6d7cfd91338fb905a0a2af1979b8624ce8,3090
0x3cc6144bc5fb0904d72a83bb520b25ea1622e8de,3090
0xc9dbe04a03138149abff1aa91075991989cc3192,3090
0x101b48c174c96966676e63709a0a199258827997,3090
0x41f323cda7c576e3e36c5b6598483ff66f58f6e7,3090
0x7f1c12ee720e0c314a35a268acbcc0c6e20d3dda,3090
0x13a80a486de6ab4273706abac2ec172e1d4c6248,3090
0xaea36a4ae390420f79bf622062c249a3e4793992,3090
0x4fba0bc6ee00b14ea0a853579fec941161d86ea4,3090
0xd4df61c937f0a0f8210a99294b145ec6681c085c,3090
0xa34079d066b22507f7877249d892449a7d80b287,3090
0x1c42c73d016bd7111ddd01f5eb82440f8866ea3d,3090
0x99cfa9b80fe47752d3b7a63347555160b3e56828,3090
0x5fe8472f7c3eeb1a586aa2f19213fb30f170c4f3,3090
0xf5ead9cf38469a45712a88ae799c8bf10a9a3436,3090
0xbf12ba44576997a50721a76d13806f9de000304e,3090
0x03ebaea25f6e14e510d74c3a4cd6362e78ed56c4,3090
0x28c7785596e2d0c45efd1c533d60ff7ea597c71d,3090
0xa280d58bbdfc7f6ea4cb884a5c80d0dcbe4fd8cc,3090
0x45cf34ef1716936e3fd420e3d927efbd78a9b1bb,3090
0x7c23fa29cabf76d4f13dd0378141b1e68fa3e890,3090
0x53ce838d63763cf6272b22ebb8c56feff775d983,3090
0x76e75c36a651e45dcf8300fb10cf3b248e69a126,3090
0xea067cdcabad3d95809b90074e20be002f143060,3090
0xea383de9bb78ac39830c66857dfe76abecbf85b6,3090
0xaa0d91607a650d2a02e830878449de33868c478e,3090
0x39e25b955be730f854e4078e066fec2ba8aee8cc,3090
0x95d53e091812b9d4ec045a8e425f08f0ca69e012,3090
0x35d7d9fe480694cdfa4dd19b46acdf68757e85f4,3090
0x2b58dc4ee03805f091718a4c60d0dd61b5d7e2a5,3090
0x83b2b608584942910b31440cd6a8a80fd7aac2f9,3090
0x36329aa93e694f3b00942023ce2ca567b2ec6d5d,3090
0x4eab2c2ec34bec9654bc819c84d61e718e8b0009,3090
0xde80bde8495bb8ecf5005b420b47a24c9eb2d2b8,3090
0xdeb8699659be5d41a0e57e179d6cb42e00b9200c,3090
0xae6b80b38c2627f3bec651c79be9eaf5c6ab6d8d,3090
0x5398b884607ed714a63737e2936358a96ca49db7,3090
0x83ac84386bd1557c38ed7337a62044d173603488,3090
0x625157014f943da8b8d08c2416daddca91795365,3090
0x10a604f42589520a3969884874506ecc8aba2e50,3090
0x7d20d63267548bb0613ddac20b344270a8da8db3,3090
0xf434c5e2e47c20b2e2f368ae5745faddb243c1e0,3090
0x55bbbede3868921dd7867cdae035ac01365e121a,3090
0x0943a8e3a60790e57c47198e79a440615a8f240e,3090
0x2038065de92d7f89210b252fe5a3d9b157158465,3090
0x4511a5627d12f2a9a723ee980636ed7e7f9e6b0b,3090
0x2ee0be1aa750601d8cc6135726e85bb1015b79a1,3090
0x3bfb3a55c7190ead733cd7b5a7dc80b2d9e9baba,3090
0x3ad226427d6c1d8a53fb1948efcd7a98890fe8c1,3090
0x27acf85fcc772b45f4bd484ae1e33b87d4d55ec7,3090
0x223157664552a0c0535f445293d8349b56d0d2fd,3090
0xdcfc6d8ae5b8ba388cea750ed214f26e8134aa66,3090
0x5f67c822f41b6fe27bb4903205cb27e50de6deb7,3090
0x2f6f8cb777f7511cecdc9e9ebd3d9002d1ab0e61,3090
0xf5ede5b2b96ee9d00d16c2203a4744fe3c283e4c,3090
0x6267ed6ae09723476c9b0726f511b9a99408fda4,3090
0x77312f5fb53932846a236cf2857b0aa7891d1ea0,3090
0xe57b662479d398c75a62c167575cd0bd31d294b1,3090
0x63d5d318c301db5dc86262a7c7c3f40609c37cc3,3090
0x015f09faa833fd96325b6961c6bd1bcc3e8426b4,3090
0x9451c8b445ca7a3c20c0b2d13a3b0697b132f6ab,3090
0xb3919aa1922f3f9f86b5a00324a20d513f1fb91e,3090
0xfbd19fc46368d8e438b5fb94a5cab509286d614b,3090
0x1e7432db692d38ed89e4392fcda7865512640408,3090
0x7544eed843a9b14d220a093f8ba525554dc82ae3,3090
0x1865a4fc8b8ec7a920c74194323d440d114a0342,3090
0xc76d7edb7895316037e418044f2495fe279b0623,3090
0xe5c040e255b44506409d0018485df74ee9694fe9,3090
0x8c76e8fdce68ab2cf0550b6ec01a6beb98852207,3090
0xad49fe37b5b769810f6d61cd4e2eb73d07cc251c,3090
0x3e809c4767463ff5e52f5b9443e881cc796be301,3090
0x440c5ad10fd443825a09e5e04ef7fc13e2dbcfd5,3090
0x51cf6d5d26854a6319694acc4c941d66bdf989f3,3090
0xd6d485f5245b5ca4767f1bc5436a1d0bf1266c4a,3090
0xa8cbb4d947b6c76631a4d1fc51df52dfea125faa,3090
0x4d8ec8b1534b0e4b0926b7c9a0fdd1dee62589de,3090
0xbe30784e5bdb42f9e93d0472dced3a782eab1ae3,3090
0x9e38c367ca5dbebaa449f6ade17a2a895342e260,3090
0x334512ce829fde90517ac05a0b8bad1f7be9e559,3090
0x184b5458d73ccd0c36efc98d36b17129fa79e267,3090
0x77d122e8e042270fa5bcf1a492efc7f63e768263,3090
0x4c501ad658d3f99ada1c98ac874c5a8df9ad36cb,3090
0x67d9ad8dc0c033001adbd3642d700bf3b001c093,3090
0x7eb4ae985c0b29395847e087c7c721de0ed8d077,3090
0xf2e969c5d7e0e103c906f14319ef4f3f1f10de66,3090
0xaf8779a4832cc385e743fbf60320e93087ebdd1e,3090
0xe9d83efc535b6240e146a36fb2f479d47ab9bb4b,3090
0xe4ed7661c2307f0b5ad12af22cbe430d9d318866,3090
0x60ce14f3b9154d747585b281d7fce99fe31bf0ce,3090
0xb98fc6388d3186db338d100e756e1407cdd50326,3090
0x1bfcfde0b5f0916bc6d8274e882c0dca3bc30959,3090
0xf0d5f102e8123268c0cb3c26f9c2eea5bc5cbf5d,3090
0x292c6dae7417b3d31d8b6e1d2eea0258d14c4c4b,3090
0xdd3b2683976841073f96302825d11ce5a934a034,3090
0x2d0f53ce75738bbadba6933a581abde0964e1592,3090
0xebfc09c66b92e9b5d1b609767495c84f68cf27e1,3090
0x7c7df8a5bd86947d7eccca0019f77592912e2de4,3090
0x8f81cd2784e5d78e2ff4c0cd296218557706ddce,3090
0x196aba233d8d59f0e565ca45208b7e0ada0b889c,3090
0xe4e128ddb6d7de5303137d1a29531f50a801df05,3090
0x2cd8cc289e927be809cc396c2075e32fabffd885,3090
0x7dc561a0d294dc160150eb51fc2ba3f07f910ca3,3090
0x86f0be30e1da4abdfd34000c4ffe85b5c3bfe6ee,3090
0xe495126c278586571652bb8902abe6f5efe5ab64,3090
0xc6b91a5aa917e4737bd29479cf81fe5a54e86ca2,3090
0xee5b28354eff022793f1272edfc0479b01608a45,3090
0xcceb0ea7df11ebfec126486e8ba91fae0a55395f,3090
0xab2ba212ecde892ef80468f00fcc633f60d6ea4e,3090
0x87446149544050f1034120d0a6cd7c16c1771d3f,3090
0x13d21a3945f5d49a6eb08ca87f95edfc495ef56f,3090
0xc2cef2b95180e3cd95110d90610af187642414ca,3090
0xf72bc1d4360830ada1087fdd3eacf9771107f10f,3090
0x0c9eed421bb0d1500bb0499db61d98dac8497ad4,3090
0x749a57cad5f9cf8fcef89be4b864145dcc8468dd,3090
0x07fb98d6e17807681e25ab9b89fa5fc0a9b733ea,3090
0xd519428f96bcdcb8efc344408d3db682b57c1e45,3090
0x889f585ec85c7b8c7c39736219abc99c8915a141,3090
0x0103fad7c742ec520d5782e9bdd7754ead70ddfe,3090
0x61cb9853c8c990a937947b90c2300ca9dda45fa7,3090
0xfbffd48d563823751ae521cb54088d8e905856fe,3090
0x8ca23e84977ee4123bf75d69e70ec709855e248a,3090
0x09f342a5e283a14075f3d6c5e82a9d93f3e947bc,3090
0x5b0b0c17192b23970be0396b807bb9d3d406d99e,3090
0xf3f18a5bcc6048abcdbcfbe04514b48aa6b78714,3090
0x7e2d11d5c5b682502ab3c1f715bb55dcbc57be5d,3090
0xba966690326f93bb2353afb327afba021605209a,3090
0xfd007768770623cb5d2b8b9c2da5f22c00e5e794,3090
0xb913c3842b8f6a2bf0afb4e66b1f9edd198f045a,3090
0x2f6b70c41159a12dfeba55830e8a38a8b434d596,3090
0x5a1787aecaa9f2fd2b3363d64346b822e5009085,3090
0xa64fcbb557e0753dc28a15cf33e1162ec1fc3794,3090
0xfa596dadfdf7bdf50ba8dcbe8f6cf9d0d9dda050,3090
0x7c0cc6ded10ff18c23c728d59a510e9bd7c922c4,3090
0x0c0b97e5bf7c82bb80cf2f549d543027fc06d45c,3090
0xbd09b9df03ad787c2f4aad0d36ae8b25ba01b7d0,3090
0x41989212ff11fc988f2739f98cbd91ecad545978,3090
0x8385978ad1bdc11161805055ba2e06d00c2d7f71,3090
0x291cb868b445f20ae36ea0576d535b722abc2753,3090
0xb63c730663edc8f0a3d6324fdfbc03b9684ef3a2,3090
0x1fe517a8b2bee0cea2ed8a34d9affc5f1dc83d24,3090
0x186780fbc3361ffb637dc23cb6ee5ff744f0e3a3,3090
0xa4aef407762b8c8d7aa27ae35d19295b4e5bcac9,3090
0x3a0340cca015e31059b738d241d73907cc7594cb,3090
0x0f50b9c1107b6ed4df90dfd2c475c9dd48aaaa32,3090
0x0dc39c1c6c92030a2cd0472d70f34c4faeee8eae,3090
0x85de6d07201c94dc8f3fe01aeff0314e886efa75,3090
0x3b7b5247990582240ccb422afc95416b2bfc6677,3090
0xbedaf2e74ed0cb5d99e606f00d90371ac8b5cebe,3090
0x64410ba9c103f20331fc968527656a87996391f1,3090
0xba8e6fcab793830f4fac3cfb9c6f570d385cd311,3090
0xc36e3cd5225d3549a85b071891d6b1a92f0ec119,3090
0x4afc28f93fff2417e78a792b85a42ee0ba3ef5cd,3090
0xf98b063615df42461bb4c6ca011de3afe769bd08,3090
0xbc644ec9e459893bf58421b0da25484d2b2e5d33,3090
0xb51e5ad1f2435a57c1bdca70a17a6a0c3888ec1d,3090
0x1a8e0272d46fccfb5c66b3773a2992707e001055,3090
0x8687edcde618f5bc702064cb9f64816e8b6be38c,3090
0x50f7c016141598cd27236e1f4efdfbc5dacade91,3090
0xb843bc3e96b11d28750708d7abcb2abe985a4af1,3090
0x52d7e31678d712ee8c15ca5af10babc257e5b61a,3090
0x867f1c52db50ed83f77633eb81d4ab9e1c4a8b84,3090
0xaab6b2ce6669f54b2445af5fec8dea627a5acf78,3090
0xef0a7a803384724639a89fd5f62cc28a9a570971,3090
0xc7f2be6f8890d98277c848c8904ec2a4879dfc25,3090
0x008d540c28985e9c1098f701a56cacc4fff84904,3090
0x9d54042c89d61c2ec247f06d4bb64896d7b4d010,3090
0x6a32c7e7391a3e839a6058bb24bb0c091fbb84ce,3090
0x892dee6530a9e6cbe0a8d484f06cc251edbf67e5,3090
0xa5bde9443c3360af3dc7091653249a285b8756f2,3090
0xd863c61daa516c2b0f3a758c18133a83644ce54c,3090
0x23dc2840c43890d05a471e1a557e5fe6952ccb64,3090
0xf9216b5c93b095ec28615742c83428fefa989e01,3090
0xa95984e62da049cd67cf2bb8568b4dcc36ce4e27,3090
0xc9e4886b9a184be0eb85b9a176453d770eaa46de,3090
0x81ac291f64770b945f2601df03cce07f1f4dc0a8,3090
0xb759347ce31b42287bca4806ab287e587bee1d51,3090
0x91ba96dca26d963d32a1b9dbc54e70cea31d25da,3090
0xbb02186bf46f30479f20bbcf5c63d98c624d1698,3090
0x771864ba25b415f6cc22fa37a3d0cdcb5e2534a2,3090
0x3bbfe508f59122b5e04a22466b70edf42a22d287,3090
0x6f46a09f54e5e212cfa3ad435505b41c97c6fa46,3090
0x421799aa355ef06fdf366ca65860874761968707,3090
0x67c551980a6bef40eaac2d56fd7fc038b868120a,3090
0x5b00252a9ed87b241a6c1bcfb460ecdc3c33ebc5,3090
0x833ec6f576ca530f9cba4237f75351767d7a2542,3090
0xd75d72a6edf40ebc47a9d7794c6f6ad93e4cf9ed,3090
0x22ff49d06aea05cd6cc05bb6546671eacad3445d,3090
0x386906ddb79fc477691c377f8bbf2d3ad3a696bf,3090
0x7195cd227b85d05c0f16a397169deab0c2349d4e,3090
0x168c346ffd4be7d5c6d34aba80f4d5c4593a3fea,3090
0x500bcbbe0ff8ee8fe7c50f7606650e39a50cfd4e,3090
0xc06c2c9a4cc00819da495da1f0b03e2bf7fc628c,3090
0xda9904a5e29a89a34bb41cb6b893415b0718657b,3090
0xfbeea1b703325bfbb3a7b59ec4b52206e2e0ef9c,3090
0x734abd0c5f8e430ffd71478d5639071f1a178c94,3090
0x3d218357be908fc0541fdae2a03a42a502274ac0,3090
0xa4a990db99d7ca5954e51e0f789fa07c6dacea67,3090
0x59f63cdcba3204bbdbc21fe11d425363ca82b94b,3090
0x13ccd6cba85d83a456e0009ee8fcfb0c3262ddae,3090
0x0ec33c2240343bc651fe95081bdc246a17a4fe7f,3090
0xd6c01f4b14250bdc31c93eba5219c397156ed32a,3090
0x24ea3ea8b0bf37d0abe3c8f47232911ce8f1d406,3090
0x2b2ff9a5d91c3d2be7fc06be3ab43a42a2269144,3090
0xcb49020852676a6020f89363d42ef7d860e32081,3090
0x1649b26eae366218f774286c38a167c1c69afeca,3090
0xd18244f3a1950e13f4f7d5c9432837b5d173c6cb,3090
0xa2e73c800ae76d506d46e002cb14d1d4a08d3199,3090
0x90cd8b14ab9b0e28048f4011d1956224ff8035d8,3090
0x3ee5e9f8212800ea20bd24087950df1fa9f3cba8,3090
0x61d90de4fa8cfbbd7a7650ae01a39fd1b1863503,3090
0x0d5f30d299a96776c29bf20babc423bdfe8b67a4,3090
0xb04ba79b4a6bbf6267dabb44b60e6fbe2083c257,3090
0x05f00580ac4a54a009a8b8479462ef85e90d88f1,3090
0xb9b6b23e31a433ef1740056cfc54a26fb6890f00,3090
0x8eb07e2f87198fe19961fb4ac8046e54639b0b83,3090
0x082714835066edcbf37a7f0bf5719f12cb12ed68,3090
0x0871deb34bfd2052b1c10dc4f6c0912a2a47e927,3090
0xfa20d0e606e3ed73dae6ce3b3744cbe4b25a4002,3090
0xbefdd1dbc719895bcc33b385423bf67d2b771678,3090
0x07e158602a2ac6b684a52bb95848dc9d7343786f,3090
0x684a95222f07be801896767970af83c42b6e81d5,3090
0x964466dbfe25e0268e0ebae22a1f0e3b2a121a14,3090
0x1c5e4d8b6abc2229d14e85f15e5cf82e7e0df319,3090
0x55acc996fa16a844dae1f7b0154c9651b8af1daa,3090
0x3426cb8cae8ed5d50fc6c44b6d692ffe068d44ef,3090
0xdf5054f87212371a0e8b9e1c9fc2be60ade9cd36,3090
0x2a9ab76e943d1046766236f05ad8a2f5b881b578,3090
0x35e66f648e34617966296cacd6eb3114b74b8b9e,3090
0xe878705441eb16df534685b458eec0cda843cb81,3090
0x3ab3ccfbe955c71d5fd9b635bdc4d92c7ccdf9d5,3090
0xe9d00a96617a9df2742ec5285b4972d49e2f9fe4,3090
0xb345c54f6fe66fbbcebbfbcf4ca2d8ecf486e021,3090
0xa8590e75ad9957c94ff3efdfe25dc32029e139c0,3090
0xfea62cea1174d1d3c70c48884949091878f001e8,3090
0x495c1e8f9fc6e63f1e994b8c914c79257acd9705,3090
0x937a9bd2f9b9865f591a19a98cf904937f7b3541,3090
0x4eac46c2472b32dc7158110825a7443d35a90168,3090
0x9c5da3198bb482d5481721e507bad29663f520b5,3090
0x0c56c14902f2a8251a2dc15b6d77a26c7039714b,3090
0x3dc3f51fcdcfd09c6251f3ffa794d5e8d7ac2e51,3090
0x0a0e82cc9111730ee1106ad08f5efd061ee695ae,3090
0x9a1480d681baeef973a13a15578892dc50c907e2,3090
0x5ce571089d11072c2cdb4a6605fa9b93ee9aa522,3090
0x1b80316c49121a1efd58348e3d76384e175d4442,3090
0x40f77264b6a1d405649f2ed487d525afedc81766,3090
0xf93dfcc59e7c2cee3372c10256fee0a418bfcf13,3090
0x37b9d301bba06fc95a07725e27583d3446d91fc6,3090
0x8d8bea3962ee60b35c138e62e656126bab9c8128,3090
0x4ef5073bbac7ba3e627731d9eef312459b752f17,3090
0x8801e49a1d328f7ef722d3f81ad93d478d373838,3090
0x40b41f2f4356f80b3a1217e3dc78eff32c7fa74b,3090
0x199d510c60cea3f209d1aced5e009331472aa5b0,3090
0xde07f1bd76a0bacf2ff12540104b40a3508c189c,3090
0x4702823dcd8ba3936532cac1267d37cb749c2bb5,3090
0xe8e234c610c981c117d4de9d5fd51c846c66fc3e,3090
0x9612ee203245f60c5201666109bb2bc77836deb5,3090
0x91bbd3bb9e4cacd7ec3448fd4fd533e6b1344945,3090
0x081b1d5320277267d3a5d4847d45364519514ff1,3090
0xfe70ecd976d4a7f68c6a61fd53afc5382dfa2f86,3090
0x0e8d88de9df63a85d1d19afb4326cb778f9d7d50,3090
0x7c3a02d48207de8fa49f5c729c3a66dcebce7904,3090
0x237a26a4b1746762f2ee7f59965f0ba66a73a776,3090
0x2ad988963f70cbeefe6d989591309d528ec3f2b9,3090
0x8af2ab6e00af82d128e02175aace9c751b80e6f7,3090
0x60b4a909dc1f48ed93902c9692800708b484b008,3090
0xf1d82cf1e2e23f7bed3af2b3e717d35ffb4cdc38,3090
0x67038c9df17fc4c897dcdad0a9d5b26c33e237aa,3090
0x070bac7b1ce3e619a116e0b3dfaecc8d08b809fe,3090
0xf3885e701f6424ff671358db7b00f3001fa4daa8,3090
0x6a5664805e837d2c6eb062de8689b5df05ec9c8d,3090
0x0d12ccf21cf2fed47e8d301196c78d30d56ef33a,3090
0xebf6748339f3c07c50c6326ca546344778c94468,3090
0x3677b5546ff3c8cada24406e2e851d496f901d30,3090
0x3f20a6716251babf9993511b2359f227c3749c5d,3090
0xa27027a29e67d23d21d3a77cd3a09cca4c04e4bd,3090
0xd356d9a26f8e57144ab5e870feff274eb0326112,3090
0xe1d8b0492fbe9c145f2aa6e2c6a76fe034561c5a,3090
0x686a409ea693b9a174d8b34e6ed5e2b66e6e6c45,3090
0x2fb5932d5a0a6bbb6218c4e832eafaf26d9847c1,3090
0xd2a0386b4faf236d370903959eb9fd9b20507817,3090
0x424858bae985e1596867607f0240d096c190b929,3090
0xbbfa2823348431e36a2d172fa18231394e4fc9de,3090
0x5f44d105d67f068869c25de3bd2969588d5be451,3090
0x022dd3543eac2d115dc477f2e6c6cc98db0c4a55,3090
0xd90997c1be19ada9aa9a2a609859093fcfb270cb,3090
0x556162d6ab6a0443391135dc7ba55e12dff434c5,3090
0x0451a638942cb3ef0f2da7b27bd68ffe39487943,3090
0x90cfeff507738e6be94fcc054193d0f6433390c9,3090
0xcc4f4b8e1d867755ce3737344038147ac9cf0975,3090
0x59edf17e78b4041bb765a71bd0c0b3ede1c95a80,3090
0xbc29fb0f2ea2e9d7e27bd75e4500cc386a5670a0,3090
0x12745e937d458f05e65bdfa697e5c2af98c55ad6,3090
0xc9b4593fb38afe4a04a04a31299dc2edc0f92b02,3090
0x0504cced39e796912c3561e419d9853f2c8edb46,3090
0xa14fd79df3af6368e99a0e23c3b689a00fbe3571,3090
0xae734259c735c1c4f3add0eb20db9b8a94633e93,3090
0x09a2235270c73673997cd564f5463becf3795f6e,3090
0x6ba6379ccd464bd619319bac97fd9661b9dcdb66,3090
0xc9b9d0847afe20857da69112d167c6ca8e7f9810,3090
0x0a6027a7339f2e1e914bfe93a9b0b12041d5fbfb,3090
0xfa7c71735c3a9033649b2baa80b7a2cabe58061e,3090
0x1229a061c59167a464b035160ba7c8507fc8fcfa,3090
0xc0d4b206bbad264ab4d1ed7977aaf7a3c5e584e9,3090