0x000000000000e2dab5ec25935bb63c8c14d408bf,4975
0x0000000088bf97fff3e7f6d915a38cc9ddb80b79,4975
0x000014ac9ba16c0e030b479a40bf9bc99989a492,4975
0x00002d6063b81d142c66ad1fd25aaa07a32b0000,4975
0x000089246c441cf063dcd009c0b27a0960ca0000,4975
0x00032b6993ba1276c206012d8af19dfba91d1406,4975
0x000c6158fe31f74bf886cafd6fbfa6ec31b1717d,4975
0x000e4be77e4cd99650d19a65bae8fe54211cac79,4975
0x0015ef0897d6f05cddee8f8eeb2cfb55bbc5b67b,4975
0x001c0be9a4215480f5098f2dd41da0badaff9e7d,4975
0x00211a126f86c58c4cfd8309b43387e8f533d75d,4975
0x0028f11c41c4809c73e27bf1c583898938b6fe0f,4975
0x002d616a01c442fa622acc22d8458e7a365e1f80,4975
0x0031fc833e86fabbafd278088bf51f65e5c913e8,4975
0x003bec427e3c4a56c941987fe355566c1116dcb0,4975
0x004d2e2284e8730aa31aec5ccc770d1a45ddc77b,4975
0x005018f9716f7c617c183fc3b4dd0eb17f72edc3,4975
0x005a0368a2fd30c2afe1f099d8d41b74bd314936,4975
0x006f0ce731ab65fd9f1c15aa26e68efc952da05f,4975
0x0073cdaa83d0c0492a9a5df7615b696aa9b86341,4975
0x007495c7c9d4e841667e7f4e68351f7e1ee5ffd7,4975
0x0075a5eb5880e5b4b1d7a17d2204aed6a995f5a7,4975
0x007cd121564fd0f8fd6b5137626365d0e2288314,4975
0x007dd065043d6025295fbef464a360b82283c84b,4975
0x008dd84dab3bb2dafc81edce0a69260549768a84,4975
0x0090720fed7fed66ed658118b7b3bb0189d3a495,4975
0x0092baf7fa60a552a451869f788423bb2d895665,4975
0x0093fa7d9e27e2ccf9bee4102752b78442586b61,4975
0x0095fcb803517c7f882da9d836deec84c0f2d03d,4975
0x0097940b814c8f9460c137703f869bed5e70cf4f,4975
0x009f67425b2baa6912f28dc3fc54f10c5e86fe20,4975
0x00ad7a571288ca5c4894268be0bf7b600997d8b8,4975
0x00b0ce88d3dfc60ffe09ed220bc28e3cedfa86dc,4975
0x00b4d49660eef45dd5513f863eb915fb913f6549,4975
0x00b94338a4bd012e14e47a27a0c4828ea4f5dd32,4975
0x00ba5b0bcfa085864e55e839a4030b50085bbd2b,4975
0x00c1d920e9c4a472b4e0230902c6fe91f60ad7b7,4975
0x00c614a49859f1abffa5bb3aa201dc8a7b068236,4975
0x00c674e8327b5a41e291a10dd49b45411d592009,4975
0x00cdb44bdd8b3a3c80b1ca53c388bbb5fc51b2aa,4975
0x00d44c093e0c8ef87a5d8e764a40074e6f6c7d28,4975
0x00da3dd2af194b014bb08f09b2bb9fb4dcd141ba,4975
0x00dba9b6da467da2f027e91798443acaa7adc65c,4975
0x00e13c47a6f8d94052d5390b9b843020b082f4d1,4975
0x00e39cd77931de1600d345ab525dab082a94b140,4975
0x00f1cd32bd0d39d7a320295c0a39b1f4581785dc,4975
0x00fd975e26736da5f0545a659bb1451d4cd10f13,4975
0x01107da6e79503ad615157ded4bb378d39ae28a4,4975
0x01282953d2cbad70b9a24e8893386358a81246f6,4975
0x012ad04d87ab61eae3a5b2a50438cd82f249fa5c,4975
0x012ede356659d95d06bed9878b8bc4adbde16f42,4975
0x01362d5923530672d6a887ccdfc8b156cee97824,4975
0x01561645bea0f28710f7117754846c9211818d67,4975
0x016232ab9bc9c24166a00c2bc151b0fafa8b40d9,4975
0x0167767e7ffabd6e9fe1f958535bf296622d4b21,4975
0x01716ac71f85736652e53dfcd69ce90607bd63e4,4975
0x017461e25e06ca065842d663ea3b1e691415fdd4,4975
0x01771a278c3fab69735aaeb38872469489e7716d,4975
0x017a88aa86a909de0e86a2c89cddba7ad8077402,4975
0x017e0bbd910c77f7b3f31dc4b41207f96ef3f6c3,4975
0x017e362c8f902e95f7011ae6753f481d453e3513,4975
0x017e9558046467ba75fec2bb4edbb52f01564bb2,4975
0x0182c14cc00febc3bb467240a42809fd5ee07901,4975
0x019333c860d85c901677e9c442174c1111163651,4975
0x019b5a49faa53a82e4e7c9aa0ffc5fd7d64ed028,4975
0x01b0ce6f52515b38756b86b5cbdad2d66ca478cc,4975
0x01b37cf4e4ee1186040a53f5a077e11450af9517,4975
0x01ba597ba1f0c9a58e1f689262b2e2293b95e6f8,4975
0x01bdf9795ed84dc565691233517b122928184550,4975
0x01bf8ab9c68ec14700226e41aa0c9d97248ac755,4975
0x01c305d82937f33ad2e98d405aa097bc139cca5c,4975
0x01caeb0f7b108544c44cad2379bbb80457c7fd75,4975
0x01d2b10e11e449d19745b6cd076bf1199f972815,4975
0x01d5305752cb377da2edd238d0597d6262060296,4975
0x01d9b6c85b2bfa487d6121e39a14bb3d92ea5730,4975
0x01e0d1b6d31be78b320f295136f2aeee0e65f761,4975
0x01e1dc90ea584ad3bbc08bf62690fef43fb1be37,4975
0x01e36898073ff7613a97acc62b412c07cc961624,4975
0x01fb9e32a0a3da801b95abf29bcb2319d1c1ad81,4975
0x0201577b69e4deec5e4e3efde465aa949ac563b3,4975
0x020e0b2abb2fd4c621f22c53f9a7ff119d21f5e9,4975
0x02159a26acef278a811da9cd659b8ff857ad0820,4975
0x0228028a0c92cfd9743e561a96b16edbb4606054,4975
0x02323144aa7a183715ec9e6c1b4d2b16cbc0dbca,4975
0x0232e810e9cae4c825de4014c6f3ae4ecf049d63,4975
0x023b46da8f7be5795697658d8d0ac37d7b667c6c,4975
0x02419198836156533edff5a7957d959ed77c6819,4975
0x0241c2a93c694279dab5b0c5e958a706d7300da0,4975
0x02431590584e699a17bf6736f28b2209216ec89e,4975
0x024585b287ef071bebb5d22d486c2f90c73df105,4975
0x02535f81854b731a185a765286f7196c6c2b63a4,4975
0x025c96ca6355da19fdeaf6b0b6ad4b09a651d49f,4975
0x025f7cb6bdb8cd6ed126e1cb2efe2fc3539602b8,4975
0x02677d1e88749e7e9ddb95a4a83758179a36de81,4975
0x026e26c41471640cc24883af80b3534223e695c5,4975
0x026eb6b8bb5a66fb9ac2a0dd69db199dc2f0a579,4975
0x027054add69bb068c5d8cf19d4d1fa074b9bb31f,4975
0x027fb58c32cb13f2c0d8acc68a23dd88546de012,4975
0x0284c561ee4c9659ebb5c10879c64e66a463d481,4975
0x02938eb846e2ce0e605df4f61c4899bd54c8828c,4975
0x0296cd430220b8cb54472c48e08f203316c49d62,4975
0x029f4699996b2716a8d105313015460256501b4a,4975
0x02a9972e6c53a584925d6caf7388ae0b3d8aa8a5,4975
0x02bf306aeef9b95eceb2ab4230975efcde2b7801,4975
0x02c7786d902229d99b0c4610ea358dca884ac11b,4975
0x02ce0ddcbf374960ff78a8a42603ec8aa01baa0f,4975
0x02d391250b07a7e03d7ec711c37a8ab8e220cdd1,4975
0x02d7b272beabb7183540a0877dce4f8602e2df89,4975
0x02d9e7383654c2f80c77d83f31f3e7648c2cd7e6,4975
0x02dcece7f0e2b2540d77e4ccbab7532cc369cbe2,4975
0x02ecc3eaed3fca7ece94d93f25936359b9f8cdea,4975
0x02f099d61cff23e47973516d6d1aaeadb8cda3ce,4975
0x02f9642023e321ac3236e10fd60646d941e49e13,4975
0x02fa7a777f9ed1ccaf12762d1e0e07252c35df2f,4975
0x02feeb0ade57b6adeede5a4eeea6cf8c21beb6b1,4975
0x0308704c084aaab37f4e824b36ea3c41241a8eff,4975
0x0313611f7f4af674695dacddc92352ad5e3d9053,4975
0x0337085fd6f42c05eb0660496f398e6958eda5b9,4975
0x033eaaf49fd5d436af9fcafc395e6b3904ce24b1,4975
0x034694b782d87e52526154ab2ee8d3a667873c54,4975
0x03517cf79b58c7d4fa90e9a5cdc3b7882eeb72c8,4975
0x0356e9caf48cb0d7cc8b84e3d0ed7013b0751d47,4975
0x03592acad2493f455c3a5d43989cb200cb1abc6b,4975
0x035cfb19b670474326e99c3480be11c1fbf5ea28,4975
0x035f87e01890e9c77717852ade5dc5a632217ffa,4975
0x0364b6466a81496b651cbc585b1c7699b5876051,4975
0x036ff838d1fb7333a70d6a1724d40a4c6ea59676,4975
0x0370a9a48713c1c11ff3d8dab1cb0cad7fe32379,4975
0x0378efddb293fb19917079946406e2922cfa6e94,4975
0x038888bb60c6f9301e87facbe05a0c91cdd9725f,4975
0x0389879e0156033202c44bf784ac18fc02edee4f,4975
0x039e989616a89ee6d56b4a6c26517ed1a07e9de2,4975
0x03a22d0dcaa5866c6377e9ca46418b251f3fd843,4975
0x03a770d3957ca33955a7d51fc3c11b29bee3aa89,4975
0x03a7bee4bc7d3be2873b2e376ddb5dba9897fe45,4975
0x03b04b92554a76572813c5f1269bd3b049183caa,4975
0x03b335d3e6875dc2d04ed3c834f054062a8aa426,4975
0x03b9c9bec7d3b7e89d51163abaa7a08af5cb1583,4975
0x03c2d8fd394835fa34203d97425066e5188fb926,4975
0x03c4e4b9443dbb59ef36fcd14ff9cd813dac3506,4975
0x03ce5e597e9d7a6756503e6d254eb21372ee8213,4975
0x03e963b0ae9296b208de2e532fb67a0b1d5d88bb,4975
0x03efd83cc3fb64cc85e64b5aeb9be85d37267f01,4975
0x0410e07290beb23bd6013f31a9c3c3253ee550c4,4975
0x042007f9276c0c13340ded5737a74c12bcda3c15,4975
0x04405f07e07ecd42d32319cecfdee5f4081538ed,4975
0x0448162230d0673f2b5f63b41658cab3db1ab581,4975
0x0448751d2843dd3a67e1ce8345141a405933ccf5,4975
0x04624c0707c1bd88dfaf25207e81c26f19eec5ba,4975
0x0469e9db1534377c9cdc626e98977ff916ce608f,4975
0x046ff297a56661551b8aff1eeb77b6acb8ac7739,4975
0x04707d18a3fed563a0cb1c19952aa42dc1db58e4,4975
0x0472a12cacd59b3bdb38f438e7752f943eedcd40,4975
0x0487ea4d8c51b0efcb6498e96dc5aaa0bd9778a2,4975
0x04926d9e656c3facd08d15996c14b9cac8f2da20,4975
0x0497ebdc80c4e89ad38738db4d6ec9a1f6516031,4975
0x049db1fb189b39a8ba4ee7a2c92c4c62d70b1ace,4975
0x04aca94ed783472568585b0472d9c9d51d37964e,4975
0x04ad4973044fa01db8af0cb4610411379fb18345,4975
0x04b0f789f4bffe2034c5fd5ae184ef333e30956f,4975
0x04ba7c0a34eea81f48c4e3f87f1f025a2a6b21de,4975
0x04c738fbe3eec8d06a39913ca40a287e7f068e20,4975
0x04d8d6d84915641fcb4e888abf89947ebe2221b0,4975
0x04da5d136dbac31c273ec33cf7e41fc25997ae37,4975
0x04dee985ff7396a2dd58d4994ab9891a4f9a3888,4975
0x04ed2cf6ff18ae63fdc29452b85572858ea3a134,4975
0x04f0dddb7e309beb7accd2119847a0419edc6d8c,4975
0x04f197431f24e7c5f5aef88e68b1faf86dd8f9eb,4975
0x04f755b1aafd8d3834c50a741870a2ed1e94abe6,4975
0x0502bada44fdeb5d9d93d718f9da33a06f3a6af2,4975
0x0503ed50534614193fcd085c5de01728a4824822,4975
0x0506b6dac62bf5ff3150e4aa4a9f71629a884073,4975
0x050c0221fd7dcf200fc1cdef9b94f4c427a5b889,4975
0x0528c9f5ca1ed8264c23c70f6159ed83f791e506,4975
0x0549ee1fb8ebbd1393d3540bd0d1542b5cb7d85f,4975
0x0558d9707034bc1ba330f9e08bfd707ea7bc864a,4975
0x0559e06a7002d99d43a3c6aacbc3cf65ae2106c2,4975
0x057f1c64d0640c00db8410a40cd63041b44570ec,4975
0x059750ad53dede8beed5d1abaacafbfeccd532f2,4975
0x05a40eb6a5997b8ceb7748d37de2c58780b4c925,4975
0x05a703f545672c17218e3d7ebcf3f330433b71ff,4975
0x05a9d8753b179d354ae8003e5794a15cfa545248,4975
0x05b5108fab7ef4d0586dd37c9ec29337fa13cddf,4975
0x05b63cf13576168337446066424262b1115bf57a,4975
0x05d3353286a4c32e63657b4757c8ee01b4e53400,4975
0x05d8818608c0c9cdc9606f4dbad32972175a389e,4975
0x05e2cf3176e2e2654d1b3ede85954b4b6ccfc10a,4975
0x05e86c524f4a856f4b3bd71d46dc64f387211075,4975
0x05f3de310fe37a798cbd5039e4a9272baaba9c14,4975
0x05f7b8e4549e92961a2d1a18ff28b3ea9203a4e2,4975
0x060254f08008d56f053e6a9f270e38f61093151f,4975
0x060e4c1d7166ae232349dbcc70340dc77c7800a3,4975
0x0614d36e9ed9456817b209b3ed1e5d709c120dd5,4975
0x061b3a431569f57aa7e45a2b25b1e6dc5e6aa2ea,4975
0x06236eecd67a812887ecb014df7f9d34f1f40468,4975
0x062843f3eca17fbe9abbcbc23ecdaf069db2d856,4975
0x062cacad558a741f950f2d1bb908b08fef9cb233,4975
0x0635ff9d91674bb8ad2b2a2320e19d8c3f840b88,4975
0x063ab1067afe1840a06ca6e81fc0b697749f2607,4975
0x0643def9de95ca47a6ecea09261131f8dfa4118d,4975
0x0645736eecfe8b572cbabb885eaade641b659846,4975
0x0648723c9932284efe172e0f293768af36c63cc1,4975
0x064afd9cf45eec2362e5f537793082bc1e3ec8bc,4975
0x064ea9cf00e83ad16be8b64b5688c825246252b1,4975
0x066249138b35cc027383ddf5235d47bdd703b928,4975
0x0666ad0a89c63d6a402277fca0f90eaa16883e09,4975
0x066a8a2865a0ed4f2e4e6f39f1d1838bc82504e4,4975
0x066fd8d621c6c37f3cd7672cc4563e49a9243190,4975
0x0681d039cc32b7d41f8b81c512cb936456c04074,4975
0x068f33c4c91de64d7f74909bf639eb8cefbede42,4975
0x0691a9463b30c568dcce66a5bdbf4f3bc974d7c1,4975
0x06a93de0cad452d59181b8705ede092376519bad,4975
0x06ae5d4c8f1090e95706b321d0ba9c9d4da57e2e,4975
0x06b0a2c6beea3fd215d47324dd49e1ee3a4a9f25,4975
0x06b437c5d1e4c47a70ce72084ea5001dc607b7ad,4975
0x06b60a62059bfaef191922e9d23f76f9bd9d0dd7,4975
0x06bfcdd1d6d8633e4335abd4e2c6d71846df72c2,4975
0x06c4636a5a7647f15d05542fd80cef88092ddee1,4975
0x06cc0536c40f7392fbbf9362ef9a7e0ef585d641,4975
0x06cd95876448c76f5c9cbd5bc78f5f622a0baf49,4975
0x06d3888b9dcd723d85ae742e9c3f41b4d12c41b1,4975
0x06e7a7df660a25584e9c7a0a21ff6e453e9d7d7b,4975
0x06e8d9c6ea7f91de271901c3482bbb01ee0dbaae,4975
0x0703f6722e3a55351a544e3e1bcefc8537707840,4975
0x07091d18dfcc29615c2b65d51126e78c86b78208,4975
0x071a51b05857d911d0fdf7c9e9de9596da286fcf,4975
0x071c033e83e2d849f3bddf2deee0e9faa456c4b7,4975
0x0724efbf099bf217437a20618843f038a1430e66,4975
0x072f8539ff4af45bcd2e4f68d74b8aa7ca27207a,4975
0x0736e24fd53f07d4fe145205fcad2f7a6d8e02d9,4975
0x0743b472ea8eb388145455fb67840c4c1be81fb5,4975
0x074470b9a32f68de86fac393a10d5cea01c54269,4975
0x074813bef311f7b102bbd822ae7e3f318fd55ecd,4975
0x07495c950aeb695ba0f9aa29a738cd9140644a79,4975
0x0751c7bb999483c447ffd04daa223c5fe977e7b4,4975
0x0771ae431a168955a0cd0435a1aa8f9f711afbc5,4975
0x07a0f9caeb143707bfc82f38924fe0131d3fa996,4975
0x07a11391a8cbbef82317722631a60bbcc6ab7d3c,4975
0x07a72f17b080b5ee379f38a8bb85de5d2777aa5d,4975
0x07ad34fda094151548d3c1c54150581554bfe2e3,4975
0x07af57edadc8702301b0b40e89cdc0e52c218402,4975
0x07af9cb16f93fbf2c10bab00ec3826bf94cef44b,4975
0x07b16e1d9153d98fc0b474e97d30a5e87c1de5bd,4975
0x07b99e42281de5ea004fa955ed9d7f51b7022dbd,4975
0x07c3111d19553f6babe0e71a9b682e6205fb13e6,4975
0x07cf1bf9db9f88b1bb17952035953fdc9c244688,4975
0x07d0775eadc6d5d2a724aea61c30dff00a6597e5,4975
0x07ebf877094135983e764980c574402fdfaaa2d5,4975
0x07f202c39af9b4c8f93e10ceba1cae396eb51a66,4975
0x07f3c411f4b162ceab1537e8a6bdb54876ab5212,4975
0x0808c343e3395b348495edd585e32c0c147b8de2,4975
0x080c9ded4eac002b8ff200e5b2005e3432fc3f0a,4975
0x081932b0369eae9905440eb5aeb0a312a9ad020d,4975
0x081ddaa6b6a7d00d44632b65c3d3b81432b5e044,4975
0x08323d0785781439c411b3aa3ee3a74726808988,4975
0x083a21061a54450db2fe5d10caba101dcd87b04d,4975
0x0841ba462e920bb57213d92e2d64c224f3a69f9b,4975
0x084f200847dd39aa4e401868235f4e7e65ef2a38,4975
0x0851a3a23f0669a49a32fb178de50ed97d33eeb9,4975
0x085591817e360fccadc79463e933a0624b49d968,4975
0x08570a71492342f4fa65d0844dc63fb60d2493d0,4975
0x0858d1ba2be2d0ed52d5f18d22f4759e0ef6c939,4975
0x08706c688dc83a8460f0ed28aa7ea716553db7b6,4975
0x0876927a679c698733c3ae09cdea77aa874a159f,4975
0x08835e55a04c911b49c32c75dc384a14c9ca0e4c,4975
0x088713ae490feef38015893dfa40f749b2b70e7f,4975
0x088f69cc8dd9b45eadb47b0a47a653b4b4c05fcb,4975
0x089f316eab200cd322bdd9eb29be1fc2887ea791,4975
0x08a68e6b31f6dc08a16b1f0b59baa0d4ea53c86f,4975
0x08b594f964c9197523676f0baf28003d1b200b50,4975
0x08b7ebbe421d31d30db675509fab62c606993b44,4975
0x08b9b46a07012f03ad18cfb9d6370ab28e61b611,4975
0x08d02b8dbf39383efb226d252b9253e83b3fc113,4975
0x08d7b98ece6a4c7f0a290f19cd5c04e35d52534f,4975
0x08d9261d07e7b22059d2d72129878903112ab0d1,4975
0x08e43913029f32a7510735f6636a7802a0343b4b,4975
0x08ea18bd8a28e203eab6a107506600333ba89329,4975
0x08f00d49feb67a856ef0658bab613b57435f8a92,4975
0x08f0fd004c1142c00ec2720d80fa9c7bef5c43c7,4975
0x08fb9ad4acb7438593730d249b53e920eb109a84,4975
0x08fe4b9a8360b130ee023ff71a727b48387afed7,4975
0x09087fd95c1fc7908a1cb2a9817ab97a8ce5e21f,4975
0x091b854ad16214b2957fedab478ca4d483d55bb5,4975
0x092ace13800d9602b61ac0353679a0766e63900b,4975
0x092cafb1399e01f0dd49548fdcbb152adebc5754,4975
0x093c82654c58a113aac8d704467e43e4a2788e0c,4975
0x093c8998c0f2edef28468b3f1fd5fc16516e766b,4975
0x093da21ea5f3edeb2af2f74e2617d3606419b683,4975
0x0941a92040a315db1fdfab72837fb414aae383b9,4975
0x0949c8d6aa7ad809ea08216f327ecf8a3c6b6518,4975
0x095de757e6d6c46d8975424351a6e32f57ecd948,4975
0x095e99f7a062fb10c9145f201a792b8849f6c9a2,4975
0x09665e69cd28983c64838fcb2a19b5b489aa4c33,4975
0x0969994e5036e17ce446821b07d74bec1d873a5e,4975
0x0975410a6303bbe40bd17f195df5016377c769d7,4975
0x09761fc5ce7dd2afb7f5ba5d92023ac58a87049d,4975
0x097da8e483b747541ffc26e8b00b59ebb4a6d77f,4975
0x0981c13102c46419d6cc9d065ecca63ceabd124d,4975
0x0982eea2724c027a3c748493a8d4dd948799faa3,4975
0x0984bf538abc0290785f276210be172f4ec4c08a,4975
0x099f731637fa9941b002a98c7d4c6123f5e4f25b,4975
0x09a546650bd0697b99e6c454b933bdac3c1492d4,4975
0x09a698f5c05467116cea908faa9ec0262b4bb136,4975
0x09b19a0317c689c77c0e9d8bec8eb1ca0c541738,4975
0x09c1471c50c907040becd325b3907cdb5e485464,4975
0x09cb3d4d5534bc0918eb8f2b04f13754e6aa3436,4975
0x09ce9093b7100aa23544fccb8e1e5b02cc059851,4975
0x09cfe371018a73053632c8de19d9e4794770b01f,4975
0x09d1588d6a798306e8927c256ba7adcad43a6d9c,4975
0x09d50d5330a87e2f14870555bbd62d48c985a1fe,4975
0x09d513559ac08f00c0f13031ffd72d5a2182bad8,4975
0x09e7af8e911f6c77b890f93b28eb3023dc8ef505,4975
0x09eddb09b9c52cb1eccce0ca9ff359845ff0770e,4975
0x09fe7d66e206fab44a161c9a091f3d9c287528e0,4975
0x0a00ea479f8ecf84da5d9b967e85c1b1e5a30b6b,4975
0x0a098f60dc448590c4c7014fc515d555d009a0c1,4975
0x0a0a4f30ea4beb4cb3f32e71068000a6b8f9f0e5,4975
0x0a1d602fe1ac253995e4d2e32b17632f891bd782,4975
0x0a2107430345b5d80e29ca97704a7325282c44ab,4975
0x0a2ac73667744facc952ad1f2c266bb3e6408b0c,4975
0x0a4ad317f9542dce70e9f7e937441ab5111e292e,4975
0x0a4b2413fc8f172633d8b146d0f3423049d84528,4975
0x0a4fc1b3308e763a6a322f38138748a781d5b576,4975
0x0a5c131d49af2cb2632739012263364dde922486,4975
0x0a5d1d0eb42a441082887acd47c5055f31722cdb,4975
0x0a71b51718606c3f7984d449e1503c2288888888,4975
0x0a75af8e360daf5c15a30020771ff45b3d2848d3,4975
0x0a76d314b72610147d0150b405d64b4a3f41d035,4975
0x0a85ec8a857d6de519178e22dfe992a82340181e,4975
0x0aa124aa56bac3632a8e4e8a07f3c8dc488e99d3,4975
0x0aaa6c78da5b9df31063efba04bcd5dc16c3ef05,4975
0x0abb32b2e8b4982bdff62de0042e8b0271497977,4975
0x0ac7075ef56446353f32f99f4fff371cb25a57e3,4975
0x0ad03482cbdd0c3aa45d785c57d7f2e4c58bcad0,4975
0x0ad6e9afcfe74be8a8094185c67a19cad0296ff9,4975
0x0ade448bec348c6255ce70d31f61b8a921fbec7e,4975
0x0ae9ccba33ed0a748527db1cccc09d5e2f2b9ad1,4975
0x0af270fe5322596b4ea571c79ba613ec46619832,4975
0x0af44a8209c70cd3a5d2eb723004bf8e3092bd01,4975
0x0b07fb05fec079761a61f1db5ea689cbc4e03b1a,4975
0x0b1355a9805d36c4409eae0e668d49c8ee6b76f9,4975
0x0b1725b3b78fb24569b3582e39964cb073ac5f18,4975
0x0b1d7713a5a0e7495fbaba84415455ebba1ae484,4975
0x0b20f1ada3e99acb78493a5744d16df04992a7df,4975
0x0b2a862152cf4add3a9cd20e24472007d3bde126,4975
0x0b2c51d84251a24812a1f6b23b17a5fb65db39d3,4975
0x0b2f404cdc03a25498aceab86e09224bd0eb9e4f,4975
0x0b34f6702051566d90201fdbc0638dd2b7b23753,4975
0x0b3fb5cb3e9c1795245c4600b6ffe2f57b3c2eb3,4975
0x0b4e8b814b0895075a0e3c62668948a589f4d31d,4975
0x0b53902cbdd0393632ce4bcb95755f0f9a418740,4975
0x0b584546e2551eb55c728e2b5dae51ee34412c84,4975
0x0b5d9cd56bda38668689c46b1962ea75fcc038de,4975
0x0b5df4a68f4c649daf64ff467df4efbbc67b7516,4975
0x0b641875c5762efd61a46bd0887c30ce5252b3a7,4975
0x0b66e1400c07a1f480917f4c7838a534a133b2e9,4975
0x0b6e683c5ab4fcac09a3566049da3186dc82d2fb,4975
0x0b742bf9a740b69141aeb59c56170b3ba5955b65,4975
0x0b825cfb066825fbb9164ab100ed973fbfdb86d4,4975
0x0b885e5852b9dc75fb606f442966e65d7b9e07a3,4975
0x0b9270fd96f0856a0804b80772481c2b186815b7,4975
0x0b954316dae976ace03382bd7a81c62ead656c1b,4975
0x0b9b674d03300610c4e05bd1be3403d03aa41eca,4975
0x0b9fbc35dfe9706b47af8a8f1d07b7808a40ca1e,4975
0x0ba528efa200615728fee84339bc1d940c0db771,4975
0x0ba5e6c7566dd501cdec5b51ab986c0fe63749e1,4975
0x0ba9f392bfeaca0abde101e8dc150ccf1f929036,4975
0x0bb6141082dd370db8f70af43027093457cb43ca,4975
0x0bb6948770bd46c807b6eecfe799450ab876bc54,4975
0x0bbb74a200d11f033dbc82581e71287c449a1c4f,4975
0x0bbdc3a331db4288bad717880c7773d28db75ba4,4975
0x0bc3f7adf02437b4dea6020d837f917165b3df9b,4975
0x0bc6c30983675f03a49e9f810adda4a30e76d8ad,4975
0x0bcdaf345607504f3c5b3ca537a5c704424ec8f3,4975
0x0bd4d243065735271f16e60b71c7c84d61e79a13,4975
0x0be10e2d01a33ca99d1d545cd38910817f014a13,4975
0x0be74e970b209ce27ee1c5d1924d3d422287088f,4975
0x0bebc2ff7c455d40a3dbc11b02e111aebc928a5f,4975
0x0bf3087e395a56920e663a00fec437cd9fcc0613,4975
0x0bf8009e854ba3af79bd469882c4a3cd31fbafc6,4975
0x0c0481a2d8a69286bf69b858a91e98858f84e21a,4975
0x0c08097d72dbf10d1812f8f02fd4259efba2d5ae,4975
0x0c0b7bce0b80a969d921984c1f84064c7b7d3f7f,4975
0x0c0f3799ff603f4218c1a3c9470db2002a73752c,4975
0x0c0f730ed06fa5e148218ecc8ee8d24876ca6e91,4975
0x0c12171072d17aa00454c8aad4e33be1410f9531,4975
0x0c292b971ad6c34a1581f51840a8e1acb7274494,4975
0x0c2a0ad34945bd23f37f55ff2c7e14fb498827dd,4975
0x0c2e96cd900dcb8340a8adce7a12e78aeead2c4e,4975
0x0c30d50b21c8daf617419dc6cd4a6fad66896a99,4975
0x0c33a1ae589997ebddacb102221f59ef84abb410,4975
0x0c40e6adf8d3015490ea91739005e3bb32096eb2,4975
0x0c4243ca087f4e4738596f33292064e847da80da,4975
0x0c42845cd2389644496f3ab9b0da3fda48bfb002,4975
0x0c46f12612dbc8b10ff4c5385d10c12052b95b99,4975
0x0c4d2cdd719fcecd0a78ce10cc895cc8ed61928c,4975
0x0c5a723482bb311049d7522f15a046cf7e9b263d,4975
0x0c628b7aed4d319484227ac3f3a4349d9e7e8c24,4975
0x0c67581394db710961e4b000f8c7582ff1f89a5c,4975
0x0c73d1e6dffad79fc9312c2e3636867b1a5edaeb,4975
0x0c78ea66fb7de22a0f7e8816ead5c164ac573b7c,4975
0x0c7946d1d9aefa328b1317a4e557ea1f968a89be,4975
0x0c7d52013e49af99277a28beb99cb9976ff87a07,4975
0x0c86262354095fa35a21b58af3e0dd94d0ba767c,4975
0x0c8fcc3d3d31ae6dcf7cf9f23bac7b669c72c3d8,4975
0x0c94f92f978ee158a5c8de58d5b1d2f0f405d071,4975
0x0c9e80e9fa643349b0880129ed24e47cb35ffe01,4975
0x0ca52d9916f595f96c9edaf4b68c42b2b32356c3,4975
0x0ca591ce76c4cb96b51c24497a75d9fd8d37f754,4975
0x0ca64e57a911622f68949b59251676145a3c9bf6,4975
0x0caca207d0de0d2614ede248c68d5132c6a1ca3c,4975
0x0cae78e7783367198caa92d306a6568dd3a11bdd,4975
0x0cb910c0f9696400b5f44edda5299c81917a23e4,4975
0x0cbd2909fb4662b80db02133be9bcd69bb2900a5,4975
0x0cc1c40e874c41ea906d2a8c8b786547903397df,4975
0x0cd4beba340ba8de2540c4b120fdf89fa08de862,4975
0x0cd8153f9271467d8c7b2f9754566794514a25e8,4975
0x0cdcb81725c175cdbb79f853a796c484067fb88c,4975
0x0ceace80130129e6ee5e8ddceaf66b835e6c4003,4975
0x0ceeef3828738282f4f5c8349c64f0237c0c51ee,4975
0x0cf9006768515b0e39c7b0df622be8f2e3016134,4975
0x0cf9dac9bd2258ad149562a3eb1ec3da388b382a,4975
0x0cff5e907e769b1172137741f582b0b6580592db,4975
0x0d091c99ca4a10aa1162595a3ac17dbbbbd9204a,4975
0x0d0d4a3f754bd6f91896904267ec9ebb98e1b534,4975
0x0d15f1e9b3bc6d62dff6dfac8f05f102a6834e58,4975
0x0d189e57fac1a3d533b3a2c9cbc17c20c79eeb2d,4975
0x0d18deb1845872408a23ce75e8a6ce04d4475d8a,4975
0x0d1a33cfd20f4870a1f203e26225b42c963ff181,4975
0x0d1dbd677494b4af6fd5c44d5e62164c8bdc77b0,4975
0x0d2becbbfe217740408caf8175c03cb4d46e7fae,4975
0x0d2c03165153fb4b6abb1825a02e1c7c95676751,4975
0x0d344ab59b08e6c6e5037ceb9b9eea12488dfa51,4975
0x0d5a1dbad1ae3c4e57ae5b579bc6b9ff7b1aded8,4975
0x0d5c8d2dba4c4f710e4b7d2e582864cac0b73803,4975
0x0d5d1d8df47b5a420d79510689581c36ce4123df,4975
0x0d7261e74a01aa2fe530eb8d13b0b2e7ed0d70c0,4975
0x0d91a69a4af7c95592ad329a3bc7c342dd098bda,4975
0x0d9d1c8ef34486eeb4c6dacaf310040660565745,4975
0x0da102022d4fdd47c2031a4c1d1fb26e97572c18,4975
0x0da2a82ed2c387d1751ccbaf999a80b65bdb269e,4975
0x0da62d394cdf09986e43a8c6c3b6125c51d903cd,4975
0x0da83d90f6026381b00fd28e345118bb5962cfeb,4975
0x0db1e9e97ba5b2a153ced003ddccf3e8581bdb85,4975
0x0db658553a3c372e512192d60d8981a4ea1f3804,4975
0x0dbaab9d5b718208c54b17e4c243cc5fcc9a631e,4975
0x0dbaae8b85418d25bd9895a5e4884b5492cd62ff,4975
0x0dbc9ff0b6e94094b8d95d51ecd27ecf843fe701,4975
0x0dbefc275a81034f13041b3bcaa3ad1831f10d60,4975
0x0dc03ec520d52d04dddf651b3e4e3a9062cd7318,4975
0x0dc0a000bf8af5232ac67047d58da2cb0a527cd0,4975
0x0dc89fef02c7baae688dd53f4fae266a29db104e,4975
0x0dd8b420f3e420f0345b451f8ae8893bf7d54bb3,4975
0x0ddab1d786f176aa52d917b10ffe26d7d9484794,4975
0x0dea6264fc8a6f76a15385794d0dcda7f482e3d4,4975
0x0dede83b8b8c943b9be8c4eddde24adf9043c36b,4975
0x0dee1f3d0fff4b3d795899fbc8a32ee3169f8757,4975
0x0defd09c33308ca31d4d1edbfdef0f4e7f005766,4975
0x0df6d5dede3d2db4e252289a430ad4dbf31af069,4975
0x0df9a8932b1ccacfcad3f1409431ebf8800f42e8,4975
0x0dfb7c1ac55beb4a3b39a97f37cb7ecdde81768d,4975
0x0e03d1391b71da32e0dbec40bd707e932eb835da,4975
0x0e27c39f858e42e509d6af0e01502ce1d7f7f123,4975
0x0e27d6e4a720523f9f18fdf33464b329cc14c855,4975
0x0e37db6ac04cb2058ede3b278590121ab8dbed66,4975
0x0e414c1c4780df6c09c2f1070990768d44b70b1d,4975
0x0e423810ee3b6b5999cb58f59f6ebc614400f410,4975
0x0e424ebb0234d8935b07a638d1ab522254b52835,4975
0x0e4c1710cd958d6d1c20770c1a3ab426de9f539a,4975
0x0e53127b90f5946a8e1cf1e43a33c182fd1572c0,4975
0x0e59c32580210d363d585dbb544d8f083a3a7aae,4975
0x0e70e771202c6c02a549edf90debbf858ae2dc6f,4975
0x0e70ec361649784968f664750b09ab277ab7814d,4975
0x0e7e57aa13b244cc76745d68575aff4fbd1afcde,4975
0x0e81c411bd29156410b509654cd8249ce3b70e95,4975
0x0e87f2fe65333351eb586c9b0bd232ae8cf27065,4975
0x0e8f6618e90141403617d7b906569070bef45852,4975
0x0e9e393e145c98343bc13b29c1371412c1babc45,4975
0x0ea69ed0b3e8f2e8cd97552df7aaa8007ab0abcb,4975
0x0ec0e7c0db0f1157ddeec14e66c4e4ff44694049,4975
0x0ec735700d8df5acb723fdf2e6da5b1dbd5a3575,4975
0x0ec9349ff5550f24251dbc98797563861b373825,4975
0x0ec9a2b522bac8f7fe0cc80cfe9246e0194bae1e,4975
0x0ed2553c0c8c8f0bdbdda2b13f35a5b618d2b281,4975
0x0ed90a51371b0c64d0318e5cc31ef3c1f5fb83ba,4975
0x0ee7b430e0e8a409e16068f8e97a26cffa382d49,4975
0x0ef36f4e648be997bbd84ccf8df8c1a1d8c8bc68,4975
0x0ef59331cfa85011f42e6459a9a4429883b71e60,4975
0x0ef68b9a180f774cdf9ca04d8adc05150f5073c9,4975
0x0f07cb379553a91370c9c7821ac0c851cd2aced2,4975
0x0f0b1cfb5311cf702f478b6e27a9aa0ff2417536,4975
0x0f0d3565ff660c082020c458cef9c1d2f7d71737,4975
0x0f0e566778b3ca0494623ad97d1902b650321073,4975
0x0f157d77deeaee7663ba9b6820455de5806c1b9a,4975
0x0f1f87b69bcc8629f2c8c481c345125e728dc3d9,4975
0x0f209891dff8d6229507a61b7efa1d57745ba5a6,4975
0x0f239a22ffaebd027a6beacb62db9f05d7ec7aea,4975
0x0f353b76b6fac719a2c2781fb71b06d00440a570,4975
0x0f3d2de31b0eb57849c5e8deb2fbab1d95baeb50,4975
0x0f3e235675decad14a23044b75d4b9f54ee44fdf,4975
0x0f50cfcfb2be72bffcccd876f386748dc42882f0,4975
0x0f53507ade3285c007d7b82517715a70195b5020,4975
0x0f5c47bdeffeb8bfc5abbf8dde342cf7c1cc1f85,4975
0x0f6980f8f7f598eeca8a121db932266b0db11cfa,4975
0x0f716c24dee8836b8f838ea94efbabac181f4265,4975
0x0f73f0ea6d1825f426296f0552e182358956b17d,4975
0x0f772c084bd432a3f3051741d1655cc92b253f98,4975
0x0f7960c3c01b1c17c02c33d2798c68a7af268c94,4975
0x0f7c6f91aaa724d1f10091e6a14b8421d54f0862,4975
0x0f7cb82b6cfdefed6e170bb6cc8595d2294351b9,4975
0x0f7e26178cdfd31e3f5c3e8e354026360feaf29f,4975
0x0f814b68a5ce5962ccc7ceb66801adf63d31dc56,4975
0x0f85236999ec619c1e07b8ff17e75a462551bf1f,4975
0x0f8d8e26f88d828d83c4d416eca051c91f969c96,4975
0x0fa2497fe10ee9188f77250335d8ae30133b9c24,4975
0x0fa83332e4ff3fc119d8fe48563a776afe35820a,4975
0x0fa9f57a333a1aed3c13be77938c69ad43b3e203,4975
0x0fabf023b032659195f9d8590affc257412bb5d6,4975
0x0fac1db662388fa422620f6a6dfd588881513c66,4975
0x0fb940be4d396ca82b3e2b64439518eb706a3994,4975
0x0fbfd92ddda6aaedf5d9d8249d75c6be5ce87f79,4975
0x0fc38f6fc8e7dacf18df5691b9e6a37c30703cc6,4975
0x0fc5feaa8842a5d006ea45350a3418c67be2a0ed,4975
0x0fd5e82b0c8f4b86a3751a7a026883720319ecb6,4975
0x0fdc65c55acb461047f537d1eb27ff791e570fbf,4975
0x0fe8ccb48b381cc0f9b716096269c1bf106bcc36,4975
0x0ff51cdd3befb6c333c0d2d87d10bb8633b7fac7,4975
0x0ff923af220d594d48a27ce162e361872f1124e0,4975
0x1010feccd80c7b4c3381084205db2cefd8a3e846,4975
0x101b9f4ecab714ce5360be2276243d7663ada591,4975
0x102b67c5e45e324c2c7ced47ad88efdb33c3c2f2,4975
0x103110ac7ae33a54e5b5c811d4a39fcf2647e8f0,4975
0x10316ffdfdba52a244c8461c7dfda420bcf7538b,4975
0x1032f01f90078c60d51077f1ea3759d2e1a51133,4975
0x10332db3b5d36c881f500e78c8ab84ef02cab659,4975
0x1046a89014e10bfc82f318797971272387b83584,4975
0x105d7370a3515392cac5a26d94a11aa234a74666,4975
0x1060d45b684b0de0fdf813b58865f1b0a3502a43,4975
0x107068500b519443a4d8f7991882a6489b8b18e9,4975
0x1070bfc20024f1f1f1046eb68718bde3d8d317c1,4975
0x107b4c38632f29bcfdb37230d4bd53fba3c28181,4975
0x108129ae80f4fa23cac03d8e31641f09a7500543,4975
0x108d68821f58a30e21582ea32781e75d38aa1c14,4975
0x109197ad2b0e2c763b7728bf2586a3c11a3cd9e1,4975
0x10953f0d54f86c1e4b431f627f8d833ccc8d359c,4975
0x10993c16ebfda38ed241d9e4d3068069b8253750,4975
0x10a9b700ee4cf17a7ffeecb9d5967c56c78c472d,4975
0x10ac5f659a4bcf552bd667c81f33cb3ffc5bc2d1,4975
0x10adace74d05d0de8db492add0338fd58e4bcf33,4975
0x10b4c8f57b2483f92eb8d50bbdb8665a731d6efb,4975
0x10c5182a5e824cda9bec6c85eacc096fea8d5189,4975
0x10c625dc3b4601f6622fb7dc08834de5888491e6,4975
0x10c6d19d49abd70f30d63b9e9804e795a1f43411,4975
0x10d5857af50ed04b1a42c9b29721ad597f093398,4975
0x10dd67d5d69bf41cf7d09f4bba5bc2b1d3552182,4975
0x10e01fb235ddcffcce8396e38010110b3a612f73,4975
0x10eb5c2588cdf78539e0dedd59f89b019e9df26d,4975
0x10ec758d1d333143dab4aebceeb05cdb1438fa6a,4975
0x10f3d71751b382228e3d2b2225096dec790e5fbe,4975
0x10f5181055dc5a1262a43c1d689a626c4be80978,4975
0x10f64133fd1b49c7977073371b7cdf9e1961eee7,4975
0x10fe248bf396984c8d586e0fef0d2c46fb9a06ff,4975
0x1103e93885383439986ddb73766f00eddeac4b1b,4975
0x1111111254eeb25477b68fb85ed929f73a960582,4975
0x1113e0c3ee343806700d0121cd27d3fd47dae4ee,4975
0x11155ee87580bd055ec332cb79c49f84460c55a6,4975
0x1126b6049f1bb87c07fee8ae713a23e2bbe68e4d,4975
0x112b18824e8eb62d611c26232d09023a24b9b07f,4975
0x112dd0b738ace04ddfb509ac60a84d325809a317,4975
0x113265bccd2dd361ac77701f0be7e793740326e7,4975
0x11395211f9c513f91aedd383c2b3ed004a8835c0,4975
0x1145c885f1cecb454ac53cadfa4843f5b86df389,4975
0x11486d1da580504e07a3d5e82575fb8a947dafd4,4975
0x114d22e6afae40286eb7c6328ef26659ff7bec98,4975
0x1156cc3fe3437519500c39d28354828533111ef7,4975
0x116d4d2f6bfea133db7e912d6616ba36a29bae3e,4975
0x116f8106e1266785737a0d91bb5f3bd358d937b7,4975
0x11735a8a9f8b6dabc29f0cc67422f84142b43882,4975
0x11868299d786f2a446ee81d85efdc9c83dd1d0d0,4975
0x119056d038ce7e643b5a34e630ec5686e64d205e,4975
0x11a323f46a8604d18b015a72ffa98c1aed6271a2,4975
0x11a8c90d36d147fa27e6313bfe1ec7a0eaab424a,4975
0x11bf738d728c4b41c8053a27ef0af112d2981462,4975
0x11c17d26658b5d358a6b84fee51415f2b3b15af6,4975
0x11c7eb2aaaf902de384ea504d556ae25d8c5bfb2,4975
0x11cd71167c3d746c804c4071731a0adee5a22987,4975
0x11d251c56c99144de2c9ce78d8725c9b63caf34f,4975
0x11ddd59c33c73c44733b4123a86ea5ce57f6e854,4975
0x11e387d44e6b4f468f99378de0aa2368bf6bbebb,4975
0x11e7a33aa8c7b06034810c885634426f20028e11,4975
0x11fd49ada1ff27b904e612c9f292485485f63b42,4975
0x1202785ab1a79f86591327ca98d339d35c502de5,4975
0x1214829fc88ddb815d90bb8cfe4a3e9377def073,4975
0x1218f76ea1ae239edaf57aabad32dbd340fc8599,4975
0x12218fc979ebe0bd01e33f14761ea5e2ae785a0b,4975
0x1225c19f28cf8d3a34dde22fd8b5b64c6cc35e4e,4975
0x122921a8d15494cf305d3028f1f6d8afec4a533e,4975
0x122cad9aab293110822b5be2e19d4fc7487cbd50,4975
0x122f07563ce2890ab6dfcab51ebb39c03789b26f,4975
0x123ed4040bfc80dacfae326f5fa64c8cb7fff521,4975
0x1240732e553de14cace085bcad56784896df6803,4975
0x12438cf010481f113985402e6961ff36c79daa52,4975
0x124559ebde4fb3e6a93cea59300f6611b8a00516,4975
0x12461878321959d3d51d4b358d65cac47290183e,4975
0x1247079e634a9685daf532a677330481acc8e9ca,4975
0x12489151d7aaaef511bb7e225fbbfdec9c332308,4975
0x124b6a34f23d5cf227a0803759a5623fa2e746cb,4975
0x12597dbeaa23af74184448c5a7dfbbd60ad7675d,4975
0x125dde73e506a9eef9fa1ceaf9f74b5f9eb0dae3,4975
0x1262cb5951f8064aac88e016d0e57e6b8fc893ef,4975
0x126369e348b0a579c8cb6330b6e53f77aa59176f,4975
0x12716b2b313412dc543180fdab6e8cd94b37146a,4975
0x1277255b8e274c8a753eea277aa62115baed21eb,4975
0x127ababe78ca31fd3f811110a8f80dca0de3593c,4975
0x127aea3bf7c7fd0f715a69b610382fc59b753438,4975
0x127fa28f99aa3d72536294896af18c4119b0e4ef,4975
0x1283919468af5d299d5b45a0948a4d440ee36b53,4975
0x12b2bca49ff2142ae55bf288658b7861d1f3c7e7,4975
0x12b64923acfd1d9a5f47364f4e9e4c98792f9035,4975
0x12c32aa62e35f92b8cd20220bf17c96aadd652ac,4975
0x12c38ec593f4a6b26fbe0117f48eafcb89f14b74,4975
0x12c83acc4c412c4523e9e0eeabbe18eb4966a078,4975
0x12cae449c08dd0ca665a50cee35df9f66218a746,4975
0x12d064959aeab3ea5f68c3f2a90bb2b7850d111b,4975
0x12d4262730e7bc2501db18335a8aad1353c24049,4975
0x12dab3dd8bb507244f4391ccbfc8cdf0ef14e488,4975
0x12dd2c3acb8c30d7962693ca5643902dae317fbc,4975
0x12ea0d574b0831e6173047375d4d39dc17bcaa91,4975
0x12f081c1dbfb4a25ccc8182f185fa768ffc2b3dd,4975
0x12fdb0e8d202044bb4626ffd4a45c183b498b707,4975
0x13000d4ff30f310717182893d8bfbcbc2d455d18,4975
0x13004235d5451e46c9741a28212f4d5272218447,4975
0x1311bcb32ad716b32999b743a108c2309cedf286,4975
0x13290456b83743331ddaaa597f5f6fbbf5b43189,4975
0x13313f066ea52a878a98010d1a0d337bb6ac5a95,4975
0x133bafe5a606b0658cf4a8fe841216c7a844241c,4975
0x1346c7ee1723fba37327a0c94cd3c57e2f83abb2,4975
0x134ca4fee2a9b53007e1cdc811c8c06fa05cf4dd,4975
0x13522980568266a9db832e719093fde241a07422,4975
0x1354ac5d5989d3754fba6e5eaf994e17dd33fa6c,4975
0x1359ed1cd6b5611ff1a017994ab3c9837b6eaf4d,4975
0x135ec56fa96b21573d9cc99a931b366aa49ea920,4975
0x135fb738a3c80a5e6617658cb35a0841c415172c,4975
0x136c52ecc842d94158e1070fc43593af2e3fc937,4975
0x13894d297a082173eee98bac530b4b1cea71cd88,4975
0x1389aaa7a0f8e224a29005de51ff68cbfdc6f728,4975
0x138b1b6e6fb65a8749a9ecf7bb086cdea2c5e862,4975
0x13927edb4cac66759cfd401d5d5828161b4b6f86,4975
0x13a13b1bed348d55557900871111a157b76ff029,4975
0x13a2a02a04e272b0b068cf673f1acd7d555e7d8a,4975
0x13a581057f7334b3232e90dcdf5b30747c9d6c4f,4975
0x13a6114dcbc057e949344f7744a593c7f4252b8b,4975
0x13a74d244a621fc31967aa17f28a09e01c6f57f9,4975
0x13a9cf3b0a17e757da35159ff6c7afd3259d3dd5,4975
0x13b2d56de62f65cfd389cb6a2f275c272d7c850e,4975
0x13c28134b1e195382117cbbf524e624f48699906,4975
0x13c2f1b2f9220e4ea1443bdd606640fcd1745d26,4975
0x13e11a4ea5896bb4311118a81dde8f69b15ff066,4975
0x13e187c8f44b9160a23b9803a43b6676e840e102,4975
0x13e3ec4496b8ee6772ba7d1b18ef3a7d219b6af3,4975
0x13e6a7f5d329b23cd6a33cdd467389cd49177c15,4975
0x13e6fac76e9a5620fdd7c08ed7db69114604589d,4975
0x13eabda9cedcb8376f562599b2987658327671f9,4975
0x13eb277fd61432d7f69c3fd90f366b4b86259c45,4975
0x13ef660bfa0c276f3e360f70ff5361336f61fe38,4975
0x13f4691f0084e6d1e595e43a66ce50dff5559d44,4975
0x13f96722e56e351565dd97ea18c7875b9858897f,4975
0x13ff77c9315dde5ac9cfdb7258f99d7d70011803,4975
0x14037be4223dd31a3f9b105fa27a2066b8b04957,4975
0x1410ee7c98eef945d4db3ae57d46ff5102840756,4975
0x1411b0d5b30518c9ab7699223e3ee03650b384ec,4975
0x141d032cc2fa588928c6f5f3baafd81a4a69caa8,4975
0x1424c2a237f32030fd914465410f89bbc4723b90,4975
0x1440b99cfd2b8a7f59bf033c2a33160908f85bc0,4975
0x1440ba8e8a1a52aaf9fb342e67098d0d40c96b1c,4975
0x1446e9becf100b651abdda6eb520831981a44247,4975
0x14535a6aec3f0d89f8bae6d8826439d7d9ba0e04,4975
0x145949304896022875083aa68f17f12c080dc248,4975
0x14669df8bfcf56ca60dbc3397b8e8f0c0ad23062,4975
0x1468eb2305868a4ffcf7b2d88888dafef6a36ca8,4975
0x146f3f32314b87a4a85aae7d841189b798a1bf7a,4975
0x1475821e6803e390a28fefa00c2f07fd02b858b6,4975
0x14849e7651ac759b9b037c196cd5761acdd7379b,4975
0x148545b1bc0ddf732f0edcdba3303437e6b48338,4975
0x1485c6a3e95bd8e83665170f4a0208467bb8df22,4975
0x14919a82e9d65cc4363b8203a497193c1525d921,4975
0x149293b598b1642621272e87b3bc4e93e3c1c968,4975
0x1494e947f162898c0762deba1df69aa19982ca89,4975
0x149e7ec9c34a8aa783a58ebf729221ecaf2a3c62,4975
0x149e8545cf5125bde6746eb9cb6a0f712347e301,4975
0x14b385a827b87a4fee1b5d90490eb3aabf090e1c,4975
0x14be37a135acb1600352f24fb0287f6a21f5ec52,4975
0x14d12db6277fcd7fcfed806ace243fca5a7cb237,4975
0x14e4f8c0890d17fa7258de6553671dc63f38e6c3,4975
0x14eaf6db0411f942f1f5bb9c991575d9699584bb,4975
0x14ed4b1e6f4c6432881bf76c86602b9887fbf460,4975
0x14f0e43ebb24995b825013ca8ffe62cf2879e310,4975
0x14fac991997edd56f2a481d32e4ae37f8272f8e1,4975
0x14fe21f94665f173d99503d254bea54b5081d49d,4975
0x151b3091edc66a2d5e457f0e24f722b335bea4c3,4975
0x151b337cc8d003b8d82a4662c8312cd4add93359,4975
0x151ecc8423efc2da8ac3ee70abff248d617e3100,4975
0x1522c6ff93315d17a5e7180f8b7c53760d6a520f,4975
0x1541cfe25eaf18e4fa6821af23e9618db57703ee,4975
0x15443136fd1f549ce4916e6fb5b6384088100112,4975
0x156b0cdeb732507dfd412c91901f0023c4ba2f0d,4975
0x156bfac22afb58e3511311b7ca0b66b48e1f5015,4975
0x1576b34e38168c72986284302a21594e4e229c10,4975
0x158532bca236bb062a3d4ebb747c26ba9cf74ca4,4975
0x158a29df7381ee133c9ae2d57d2fec2291de6b64,4975
0x158dbdd8f161460f4e8761db545f6c4063309352,4975
0x1591c783efb2bf91b348b6b31f2b04de1442836c,4975
0x15982ea053310f0fcb06a75d99be20812c454851,4975
0x15b13a569702b01c133fd3c35561f47e9ffc8125,4975
0x15b5efc8b4aae87828c7a421438a2d1bbe081284,4975
0x15c6e6962e27f075357142ca58b0fae9f572a343,4975
0x15c8c0b30b582908acf37910a5678fe360b966ee,4975
0x15ca03eef77370e8f8464219dbbc93415bc4b8d7,4975
0x15ca7181bb58a1253fff4cc49e0966d6f33d4303,4975
0x15d7a25378e13a0668ef00ce07a48153aaed9564,4975
0x15d91ee42ded866576f20c8381e3858e3eb09a8f,4975
0x15dec07b1e5f7a8f24be12363a5bc2061062973c,4975
0x15e6935a7b287b4c9cd1766ad848abe1b96e5bd9,4975
0x15f615f9cc78a614ff519ada9931e8386342c2c2,4975
0x160731cc1a645dcdc446d85dc0e731000caba3aa,4975
0x160cab134321ea6fb3c2d56fa6f1226acefb83a4,4975
0x161537b18205e2c531c3d11bde08a9e2ed639c4d,4975
0x1619e958520da5a78b98bda71283dc34035ee9c4,4975
0x161d3001380d34e4b5a9ea51dc4f3b92fc73f2fe,4975
0x1623a06d5cf710e759ee3f39f89bdeaf104cffa0,4975
0x16254cdfb29d6bb121a5a8e2b247636f2be90ce8,4975
0x16270f4a87f3ae1fa10b9c9966e28380c30fd324,4975
0x162dcbed0f02ac4094eb5354d2f8bfe7f3dea312,4975
0x163377fd9e1f468f99e4e7f269ace105aac169ef,4975
0x1638f76072261335960fdd16c1e86fa78679faff,4975
0x16542d52d5463ccdf6dbd0819b9150031fcf1a5a,4975
0x1659063c0546d4b8c672613987c5821f1338ea0c,4975
0x165d8c85cccb9d498c1289ddeab158e15233852d,4975
0x166059ffc37fb678a6684322fbd294c98d63003a,4975
0x167ecdab3286319b8d8cafb5ff27adb698a2ad2d,4975
0x168d8b4f50bb3aa67d05a6937b643004257118ed,4975
0x1693f17a38010a12d9407a9c6abcd3c609c9dc7c,4975
0x169634b23de914673d972a2b3fb2e8cab841024a,4975
0x169c9b75cb1fa2adb415fd612aaac8058ee90b7a,4975
0x16a321eea4256ae02f390dcb397a8849a407d962,4975
0x16bc12d7d04ef8065d4ad41592b39cadd829ed79,4975
0x16bc4c83eb61dcbf430a5d177864d9751bc04d80,4975
0x16c5d2687e66dd3fdbf9347ae4794ffb0ed24fc2,4975
0x16c66fb3dc581f1c1fb32d2e8663530eaa609b41,4975
0x16e51de6e55bd2c63349b4b651df1eab204099d7,4975
0x16e8830f3c7073ff21ca4447726c211cfd1f7d84,4975
0x16e934fee0a19f52c7340d065542dff0c25ab6f7,4975
0x16e9f17c1ab5d67b3f4f83ddc377e6e9e6f9decd,4975
0x16eb795aabb06cef3d30b74ed84122f547724d7a,4975
0x16f2f1cca0a06c3170bac1c17b64a716ab6339af,4975
0x1700405560767632222d31fac30b3339d0f9d99b,4975
0x1709075d3959da34d39a9de9f7d2e53f14718e9e,4975
0x171185c0d0c4d53ea33db0e535938443f6cfe216,4975
0x171674bdb4494475f00682989bc5a95255c85b85,4975
0x1720b1cd703721ef9a03fa2b96b5dcb930ce8e03,4975
0x1722ce8e4347524a2df39a04eef8d1025f7e9fd0,4975
0x17293803f7296abf6958f72865c491e35c9bf393,4975
0x17307c3a8ab90fc951c27281574763082679ffa4,4975
0x1731970a98b9e4adb6aa4b5b1c89be57d06feca7,4975
0x17364d3a9490a0577920f066b9625ff38606a64d,4975
0x174e2493989c75a6f098287f71aa4640ce2323df,4975
0x17527b29227b5d7ef8f82fc35f02bb7856fd54b4,4975
0x175abdff005490c70760836e009e9b34e5dac7d6,4975
0x1762fca07b15d61514df11b60ac050ec47075d4e,4975
0x17659ae8e94cbc627aa5da57a3b63d2478c03e1c,4975
0x176f3dab24a159341c0509bb36b833e7fdd0a132,4975
0x1776222b555315b6960e17b1844041b4e1ba9a57,4975
0x1777b4b97a16b535f8b35049cf03746a1cc4e292,4975
0x1779b8777b7c411428ccdfadc1ceae18f3ab4187,4975
0x177d327c3ef766ff853eb9a88142eba0f095ce0a,4975
0x177f63d05626b56378cf42cb5a797a9fc7b30ca3,4975
0x178145835be39ea2b2751d2b335fea866a1b2950,4975
0x1784adb4aaaa7b61ab7665df5a35e491c540da2b,4975
0x17941d1c0ec4e04a9f7c0b34d5f51e2ae85d9707,4975
0x1796122a75f6064e8c746d9498ea026e19c9c063,4975
0x179eeb87a643f2f9db0d10f056a34a16e2e7ac55,4975
0x17a11e7b17b44c9eec424345c1969883a6cf6f89,4975
0x17a5ba75962b29d002c75c8ea012e823c5827ff9,4975
0x17ae84e059ca2e4bca5d9a19631192a5eafe83a3,4975
0x17b610cb0c931d8d697dcaf1eb1f365a01255939,4975
0x17b64e39b501830cff5661762693aeac0a031e27,4975
0x17bdbc6c601cbf4a946c9125bb5fa7147e450c80,4975
0x17c52decc0ba0c435998f4f2a5e62e00e3f4092c,4975
0x17c8f1404788da227c3ab493c1e2fbb70186d61b,4975
0x17d5dee93317819553236ca89a5ea2a962ae8c36,4975
0x17dd2a1d1e0edc95f23f5d90c8c5ebbb803b61b6,4975
0x17e78972f7d0536f395747150f4f9f2ac122c2dc,4975
0x17e7ecf1b048972bc5a971c1147f4248852f06bd,4975
0x17ede5ed87cea384942e4ff1316687882beaade7,4975
0x17ef2ede3dafccb734696716c216a4b37418e9d8,4975
0x17ef6c45a77bea6d3f3db2944f95a0d817b033e5,4975
0x17fdaf8df89b48017c872ac38f4476210e971798,4975
0x180c6618b7dc2c2d3394118ed8a589300953e038,4975
0x181b03d70b228bb3278c8761988f8ac4d465b2b8,4975
0x1845e7d10e9db3749ca34677254e305a834b8458,4975
0x18586aa9973e4c7c177b990e0524ed90745d1280,4975
0x1859129dc6b4941cd3447b3a52a761600b53d9ff,4975
0x185d4b08aac163ce964b432bf032305e9024ebb2,4975
0x1867886104593163b8b19b1db05bb8fae4e637a5,4975
0x186fbf28f0cf7f6bd714069056f29f6242dee2d4,4975
0x188250e0286d89db490d568695ec19ff720a3e91,4975
0x188321517e0b680d8eda66bbef80dd31874038b3,4975
0x18878724444bfc5f38d2902737d14387255f0b1f,4975
0x188c30e9a6527f5f0c3f7fe59b72ac7253c62f28,4975
0x1890318901ff74407a324c33dc966f33340c5e61,4975
0x189b1eb86a7dd1b7838ab7e045fb0068af7be7b8,4975
0x18a1672d4859915d218a209c99bc1dcfcb2620f9,4975
0x18b2d3816690bd62ee0aa727a600054192157082,4975
0x18befedcd58b84b31069582d5ee5d16bcf3896e6,4975
0x18d7dd9c819fb55824c2ace5fe36c981b860ea2b,4975
0x18dc71136f5d157dceef584259937b415c3c00e1,4975
0x18dc86291cc8f1646975daa6ccd0190201eb545d,4975
0x190dd7b1a4a4416c319a08c83446c79db9cc5c7e,4975
0x191214872dfffc5a4192f2a10d091848e716153f,4975
0x191e69a9fbb6bc4ed3950c32fe26835bccff324e,4975
0x192ad2008b603f8980fe7015427ddb582fb7f6de,4975
0x192bd484e155c75f8a1588643268733eb6e92574,4975
0x192ec281207aa67488b3a962d2fc51e3914d02b7,4975
0x1937fbfc84789e1dea0508a6f890af175ebdf82f,4975
0x1938303930ff59d349321dc46f51027c30d2d3d4,4975
0x194addf8905a8ddab2ab5082226b687a03b34e59,4975
0x194cd36d086e165f93e1a684edf96a112f595fc8,4975
0x1956304ea650ca812dea2a2491b16b7802e90db4,4975
0x196b3206ae519c5e1b85ed14b57c4bb413186c92,4975
0x1984f66c21113b4b849f0aed84f0303a98c0943f,4975
0x1985c9fc27b88694f32571c9ae72da16eca97463,4975
0x1990451c77b13a1c733d0628b8b5a3ea67689c7b,4975
0x1994c95e704bd81bc94658f13f7a532d578df147,4975
0x199df514fd8e815e4ded33f6dce54ccca9e482bc,4975
0x19a12c5907fbc0272798043410b33e4c7aabbaed,4975
0x19a912f778c919b8d96018d93dcf977f26bfa052,4975
0x19b1e26c6845a237304156ad2e128589b04ffcff,4975
0x19c422a7e20f84e7067023ae637d48c4d7aa7ce5,4975
0x19cab48ead875491fed27c6de234983c18071da0,4975
0x19cad17b9a8fca18479caf5fa9e595ab255804ec,4975
0x19ceead7105607cd444f5ad10dd51356436095a1,4975
0x19cf4be6eccc9050fdb483f697e9fe017605fa73,4975
0x19d8da2674e8a025154153297ea3ab918debf96d,4975
0x19dfbdbc66a694b7f8874f67ec998cd992ffb614,4975
0x19e2747018ca2b96a54602d9420e09c0a32c6e7c,4975
0x19e89149ad9d17a9b994aab2b27df7d2cde57a79,4975
0x19f1e746cb812475a52875e1a3bfdde8b9e05a8e,4975
0x19f2c74d77ea91f6a1963e7d4f8ce51af3322f2c,4975
0x19f91c876550afc93f39a439909e85c8e59a504e,4975
0x1a050cc00d4f51e181acd1638fd0fc921e0c9c36,4975
0x1a1ea24c63a36150a22a47c83bd646fc10bdd727,4975
0x1a276c35b2e0512d72e4fa95444aa48b897db625,4975
0x1a34a3aa9808ddf21259cbc1d0dc2a2f3b084e43,4975
0x1a3841bca5a43aafa8c4835fd8c315694406a7c6,4975
0x1a3cd5723b59ce1878085eaae25b9d61257054cc,4975
0x1a4697fbf83532b9cdc5ac309b81c3c71885bc85,4975
0x1a4913cf7e9124e342be9d4b4195bf2f6edd7f65,4975
0x1a4b77aa33f0fcbde2f1a6bdad2004cf938c34b0,4975
0x1a579692c64e969f429df0da408eefb7b5f5db95,4975
0x1a7ac1aac50206789e40bbf861a986f874b4600e,4975
0x1a7d41dc757b9da445ff9576e744bf2d1a43aa42,4975
0x1a7ed177d9c072eda0b8e7e9642e7b977a0e0a97,4975
0x1a8041fde059db57926e2e6dceb3f8520372efcd,4975
0x1a80ce939201b80c760b4f5c6738b1821911d99f,4975
0x1a855893e4c389484c194a08860c181270a955c7,4975
0x1a86a6990c658e3b3739987bdc9640eaf53ae9cf,4975
0x1a9207587227c0f3fc4d16cf077c7d4233b3de2d,4975
0x1a93688f122bfe265c38b61b2f247a6fd9598997,4975
0x1a9bcf47e0e81ca41900d2f811a884fe36a5ed09,4975
0x1a9f0972d99244ab96fcc30f52ae7959e4962789,4975
0x1aa2619734561a48fcf65fd3b183dfdd0bd3a503,4975
0x1aa891197e77e53db069d2e8e5123ec202d11318,4975
0x1aa923491220ac80cd274272eb7fb1411dee663c,4975
0x1aab2bcb58cbea8b4ea8b664c9b4200fa88486d5,4975
0x1aabe6220e779e1e1f1e851d47a06558086452dd,4975
0x1aae5e5ccd4a3d318ee601c2eeb4ff11f386279b,4975
0x1ab04f1b5a251037873462d1341cab8a32c6d5d1,4975
0x1ab89246abac4ee9b01425cc73025cb16e6f7be5,4975
0x1aba538611b09f1fe0df4b00c097c9aa258511b1,4975
0x1ac653058453d01956d123b9c9c91d7299ffd83e,4975
0x1ac713d2963d838df652f8b67a62d130b7cce35c,4975
0x1ac7494dbfadf9f8fa17bbe391ca8f06f049643d,4975
0x1aca94b62c42ae05ec57686040e5b61a360d1812,4975
0x1acf053bbdbdfa06dea578d9c594177d6219ffaf,4975
0x1ad883c065c9e621acf028b2a404928cc7366fd9,4975
0x1adf1925cbd93720a86e8686752088d2ac02ea18,4975
0x1af46d243d9c7f972f2d0f3ab567f9349f435f40,4975
0x1af80dddd65bf01f0a50b1d7c52a55dbd12bf2bd,4975
0x1af91ede5739533d406c75928df6de8c1542caaf,4975
0x1b0132aa8db835738ee33f83d67d5a14c532b65d,4975
0x1b12dc792533d4a78aa8bfd3066dde84361b3d62,4975
0x1b1501d165c792b1e79b19c418fb3d7061fbe097,4975
0x1b1d778cbc9ee26104dae87dc6570c3063d86248,4975
0x1b1d83ec389841ac3d494b5659bc0a9913c8e3a4,4975
0x1b211934ac15190dbf46c7860b704a2fc8bbabcc,4975
0x1b29784cf5c20149aa316854418128252163d515,4975
0x1b2eebbb0a48cbfccb6cdc776fa604af9b07bcc5,4975
0x1b3ab4634193b2d7155e9cba5d12a2301becbd58,4975
0x1b4a320d8ae6b7632d4c4cb18d8eb363c59b93b8,4975
0x1b74605e7505762978808c0e8dd5eb68aa6fa8f5,4975