0xf89bcb2cc4f790ba5b2fa4a1fbcb33e178459e65,4975
0xf8bb8b5c835a29fa44c2ea0f5a061ede3dfcf239,4975
0xf8c1adae0863c61b7e86106d9174603d22d0c2a1,4975
0xf8cf298bae6d9c4d3c72704859b9b999e042c970,4975
0xf8da273b78b63f2c891d01e3509186b4d91a9fe9,4975
0xf8da6ef6ee14e7992a3c2b35ff1eee0fc2bce4a0,4975
0xf8f3c7ffbdf0249b4adca6d24253c5f23eff4450,4975
0xf8f94c0733a28919dcfa6c52668c688234359d88,4975
0xf9027576623c2f0c0463ea3a6ed6741ee72ecf23,4975
0xf9064654640eff99e01e72cb62ae411b39ab76ae,4975
0xf90b202d37e12f99d90f23de9a591b9909bc190f,4975
0xf90d785aa902954f098d2fd767255a7c6536912d,4975
0xf9189a62c8574ceb581eb7277fbd04b52f7840bc,4975
0xf919d400e5a7237fe0f18b504b7e80a63123da86,4975
0xf91d097276804ed30a177c26d30a14b1ea2a38d4,4975
0xf92507a3711ae7bfc77c2d23846804b09cafd813,4975
0xf92a0995e077c7641ce59b58eaefffeda2e38877,4975
0xf9344061881a5df17bc1bba38423c10bf13760b6,4975
0xf93914972ce69d98a6ba10403d10274a876c5258,4975
0xf93b94eb28c741ef2baf1ba522a13b14763f991c,4975
0xf93d524775720df2ce72a01a85bbf5a26366d63c,4975
0xf944df46e17ecde99aebd7d8af79510e17447026,4975
0xf9462ac8ba84d675f342ccfd02cecbe22b173276,4975
0xf94a14fdebf75007329e50f0ac9f459ff566b157,4975
0xf952edf6f6b0ea2c5ddd2bdacd91e3c43acd14b9,4975
0xf96fd6027a0871aaf28e4f1375786aad5e79d161,4975
0xf977d48084fc94f6686f6a222889023bf168cac6,4975
0xf979256b668fdef334930991007709b1c6f34511,4975
0xf97c77c4a036752854663ca597f097aa5db7534b,4975
0xf9803f4b7084e5694e04455a3488042d4c14806f,4975
0xf994fe62d3028446fda29d72e4b300ffda81807f,4975
0xf9a0ea9d313fe4b4f73b71c371e93e5db37fc835,4975
0xf9aaf5fe611572c281d1a3056b1cb43a1b1f4feb,4975
0xf9b05ca59db28e7fc8e916f2b402aff5203dfeb6,4975
0xf9b075084f2eebef6ce19ad8cba5ed20a9200cac,4975
0xf9b1f0dd95a53faac91aa5bdf6140e77f4f61a42,4975
0xf9b67028798404401edf64c3b99634b4650a160e,4975
0xf9c6c699ed0e566c5dda0742780a0a675c864d80,4975
0xf9d8db1d3541dffbab42a41ed8086c13a912ace1,4975
0xf9e97006405f5aad6b827135dedf0562d19c66bb,4975
0xf9fbe06e3b990068cc07c9f4ac5dfc54e5b76c31,4975
0xf9fff4c6e35de21aea8d150f4f736557e9802b2e,4975
0xfa01ec3ac9bb4abd3216ae2f3bd64c2da0639736,4975
0xfa0ec3d899b038b3017fa09cb3259ece3663490c,4975
0xfa111e7af07d02277b8adf6190147a2687e1ffc1,4975
0xfa1485ea149e320c3820d8410cb8df41040c66bf,4975
0xfa17ddaea3e7ef36f616168a8b9eeeab90306594,4975
0xfa1859f3e3b36254109fb3d1b108520769590177,4975
0xfa193312655f79c7b0ee7d7ef904486836180026,4975
0xfa198b2003f041ae62357b18e89fbd7557ecfda6,4975
0xfa1fd5ced3bb31920886bd48f3084b6bcca7b4a7,4975
0xfa20f60598a602051baf6713bdaea2443af0a7b6,4975
0xfa2f224161bcc5275705b1d191c1ab9c0320a17d,4975
0xfa402bdcd0e38c498651329f7730e81b6f43f1f3,4975
0xfa474ab864b5a66413aa668c06f0f95cd2cb643f,4975
0xfa51c88a72dd1194cd40e640d5b0a3a444982e60,4975
0xfa5a503827b6fa6a26526b5441089195889ee214,4975
0xfa5e59292d7c176b56ed626ec716439d9cb8011f,4975
0xfa5e8ad3b7439634099bcd630c5a4653d6a6e62d,4975
0xfa601f29cb7f1f49a500e58c90a4ddb01ab5dfea,4975
0xfa612e10c61b0eee6cea005d4d732aff59b9a812,4975
0xfa73e4de1a211ac8f6d4e6ab488d75605af69f52,4975
0xfa766e7fa97debacb3c436589e2bd286431c8275,4975
0xfa76ec0694daff6e5213d13f9567bfc1e7b8296b,4975
0xfa79321c3486d92d0730cdbce8a0b609d971be59,4975
0xfa80bf742b9c138febc7e0d40e9c06bc91aebe62,4975
0xfa90e4fcbce2b23eda2e5ed5368fbd3e3c9ce295,4975
0xfaaf16067b3d1d2fc47abc70e2b53ec05c13f74f,4975
0xfab39d5eeee5dcf3217a5d4f3193cf98439ab376,4975
0xfab4c4afc8dd955a2b2d092fc084eb653867ff55,4975
0xfabc8849ed4f18415911c91fc110a3a3381355d1,4975
0xfac97d49fc9f3851dd68d6d28a11d94c90169056,4975
0xfaeaa812238b29fbeecc7f9ebb6fd065792aa2f6,4975
0xfaeea3cda1de4349fe67c6623cabd7206703b1d5,4975
0xfaf25d392b4f4f74a843437d50ac1dc2d60f23ad,4975
0xfb0d16c8c9e6acaca36b88335f46baf3eb115250,4975
0xfb1815b8ea2fee7012c223c6a28b32380183ffb2,4975
0xfb22f134c9b459fe77989384fd7d831f5d9d5052,4975
0xfb23bd93b3975ee8c1f4a1bf813e08036928c8f1,4975
0xfb3cb35664bb43dfb9bd056d08642ecbbea3cc6d,4975
0xfb44875db37ed21a3c1eca3954a071bf2652f930,4975
0xfb44b521d6d5810a2ea947b64f1a377c791c1a0c,4975
0xfb5a980134ffb8c01c3c03f5b061d692bf79df5e,4975
0xfb63de696c22b0308dabc1528b8869532ca59221,4975
0xfb695752fe976a3f731a98cf1a47fea61db89db7,4975
0xfb69da2ca94757a79e018c7b261445703c894019,4975
0xfb6d9a31d8e2d4ad08d112f3814f6d4fb2af6488,4975
0xfb7303bb8f51a79263925d0ffb95c5be2f04cb93,4975
0xfb774bcf2587d5a6286aee5880d66214a42e1220,4975
0xfb863b24ece015a30853952fc103bb2176245981,4975
0xfb868ca38a9d02d9cc769404f545066772904c48,4975
0xfb9428665cef7f291660d154e8a3c35b74df8638,4975
0xfba525d218821ca14ad7d995937ef9b29bb41d68,4975
0xfba598167936fb5740c99dcd8db2761be4f1107e,4975
0xfbb486c53f209b3f0991a6e77233d367630697f2,4975
0xfbb50eda2fced24c913ae1be3c774fede5023dfe,4975
0xfbb68b8f5b0944a0526efff4ccf89ee858400f3b,4975
0xfbb7caf1107f811a2a37060f96192e84ff259c40,4975
0xfbd9e63fab23da1cec2e3fba6dd62bf8200d65e7,4975
0xfbdd5018f1291c339324eb2126c4680c4fb92cf6,4975
0xfbf1de2c211960a95ca254e5af5d80c8fe29aaf0,4975
0xfc0eb0c91a169981e43d32de6c401b1d02cd05c5,4975
0xfc1a2a92b52597a3f822e80d99dddcf0d21cc382,4975
0xfc1da9f9d02506b3d9588c27be518b505d838cee,4975
0xfc296f1446ac361eec751def94a16cb39dee1bd7,4975
0xfc2ff767a17f7d0ae99bb5db530e3c9058226106,4975
0xfc3c44d045264eb785667e26598f67abb5f1dc49,4975
0xfc49a4ada226bd01ccbfb384b35310be20afbf48,4975
0xfc4a4399eb959ab37940ca3a3d55a93fb2715abb,4975
0xfc5228c2441dad7dc83a63992f99a900bcf8209e,4975
0xfc664b4279738ec931e33f27e3b5d3d044a9d464,4975
0xfc6a3d9f8113e6234401dd8cf036cae0a679186d,4975
0xfc709f0f762683b80502ec3f979ae103af156661,4975
0xfc95054a21d08c9dbd8e81b5d3f405cfd812c8b8,4975
0xfca81192eebce5f72e50032c0e0e71491fd17b91,4975
0xfca9d23566b7a231394ad87f5f776b5afcb524cf,4975
0xfcaa51b743a1a9bccc108357a652235f7444a30a,4975
0xfcabf739816f9bbac1d7120492000e0be202a835,4975
0xfcb44d4e329beb97e1ab8d2da7584914d371b13e,4975
0xfcc89a1f250d76de198767d33e1ca9138a7fb54b,4975
0xfcc9cc0db0caca9f7ec8be905f7e078a127ff4b0,4975
0xfcca7ad061d0b4960d2da734adcf1b64a02f4e8a,4975
0xfccf357397a3c48237e1c3e3d074c57edeec4065,4975
0xfcd0b8a64de29f2c6e70790afd7770fff22302c4,4975
0xfcd73541d22cc57ce10eb1e5a6fec95999ad8e1a,4975
0xfcd8e6cbb3ee5f5cf88cde4c463a0660ee647a2c,4975
0xfcdf06734cd7af8e6c37ccf07378073fdb435beb,4975
0xfce7d8ed1e17247ea9a547e1ed807b72d83558fb,4975
0xfce8d3beca6fe24ccdcdda28ca41b3758e448a2f,4975
0xfced32f811333b34cc0d8429abbd91564ea651e8,4975
0xfcf5310068fc8d05fa0785cd6dccfab9f36381f0,4975
0xfd007768770623cb5d2b8b9c2da5f22c00e5e794,4975
0xfd0165df6780b8b55492d70efe9a3cfc9025226d,4975
0xfd0b3b1eef395153c3a8b3db37d80e4700774666,4975
0xfd0c6a4026fa7a42f514d2feb0824f58db5d660b,4975
0xfd143090c1b2a31b81d15931238d8f7016f422f3,4975
0xfd1d87c861c52e0c319cee79717886be4ed68290,4975
0xfd268db033e85f34f43638c0a198b84cf72fdb6e,4975
0xfd2cf323721ada5530f0d68dfc1a95a43260273f,4975
0xfd32408608855de5c4679318a04efbe14eeaefa6,4975
0xfd3dfca2d1e95dee323e141bec2599546180c912,4975
0xfd3e023f10205fed1cdd73eebb40c32d768e205e,4975
0xfd432a6ac06e9851f31f2d96dbdc096bfa9bc7f7,4975
0xfd4ebd2bfb84b546cbd8dedc65f58f165af2be28,4975
0xfd576bff7df3dd1a046192b3a3a375d53c74373c,4975
0xfd58a7ff5c00d12fc702e9e3d7ab1f05f1fde39c,4975
0xfd61c395847e9cf4f372c3309eaeb71685f33733,4975
0xfd63a335ec3b0fc3f928d9b294946cd2783f4302,4975
0xfd703318c881688c6943ad45828bf937ae6dc32a,4975
0xfd76f00cb3182746114449eea9dca2367b698136,4975
0xfd86e68faf1d1e82d79146d656a0551019483fbd,4975
0xfd8be9fa736cc6fb56a77b3740f69aa63bf469fe,4975
0xfd95d573a077524593bb55ef76a83d319a2f4770,4975
0xfd9be4676bcdd857cfc554da402769b90121b7d0,4975
0xfda1fb09c9d98b4b9e25b87f19dc5800671fe385,4975
0xfda69b1c239c98e496a46c55468a2ba2695b5614,4975
0xfdb4f534feb622497703f39c2b68819b516d8c6e,4975
0xfdc051809a20ec34cd832f871a050f50f69f89bf,4975
0xfdc0d0a67abd93679907230df5fe3d9a45fd18af,4975
0xfdcb2f080da9d53e3db2cfab6755dc049647417f,4975
0xfddc958105acb9d35ba5c329c804faf5003ff5c1,4975
0xfde063523ab958fc1d666b8f0b3a36dd8e988045,4975
0xfde434ebdb2cd220ee597975b0f9359982b4663a,4975
0xfde4b4316ab8feadc8b3806296eb03c2b721bf56,4975
0xfdf4e9880501623392025ac549e120cb9383e60e,4975
0xfe03656dfc66563400d1d0be0a1e1efea4c17885,4975
0xfe0459fdfdb172d5ced65aa3542cf57f96742d5a,4975
0xfe1f18db68ba599fa5c920df0e31a868151648a7,4975
0xfe1f6f01d1e3a2da85b9906f6627549ca06a3ab5,4975
0xfe277aa25a4f65a182c0ec135854794eb7131e79,4975
0xfe2c53986932c3f59cd0ae2016199f5de59779ca,4975
0xfe2e29458a55d2e0143c90f7285fb4af6814dc52,4975
0xfe30abf80731a5c888e6be48f253b033a8f137b4,4975
0xfe36d8ad2d4fbc2f27c4982dbf81b881bf8b2b07,4975
0xfe3b3d39febabe79880ae1daa47bc4dcdc583e0d,4975
0xfe3df5fb0b1b628d6827ab031b900ecc2a0b906b,4975
0xfe48c80874b0dd708b6867ad7b9829ad8f003da6,4975
0xfe4e801de3f08fa6ec499cee0c5f380cd7f3e65a,4975
0xfe4f402a382cae0500d7d3cbb793d1d0c4f0f134,4975
0xfe5652e31f283c91bfdafed7c29b0ac7f25e101e,4975
0xfe63af69c209016d470a73f308e5ef8f3a4688d1,4975
0xfe659fe47c3a23846f4cbdb1549326a439463e00,4975
0xfe68c92d1df756f3ad3f7106a26e1cb7bad6d8ee,4975
0xfe73f90c31a4de5644af58e1bd71b8cc5bbb8950,4975
0xfe744aef67324ccb15819206c3d91f2e58d53e4e,4975
0xfe7547c729033413e2b44ae1823f61786219e00b,4975
0xfe7933875a7f0cc5c3f73b3d31e4214e31e439c4,4975
0xfe7d546d2cb0d8968f9823015530fdc32cb874fb,4975
0xfe833994c0cab20ad9d9c846485816c474c974ce,4975
0xfe91a6e7e1ae3306f91fff89d915ea645e23f6b3,4975
0xfe91bb5176f645cdb34d5a03c3f5aa6f4629e141,4975
0xfe966c514adcd6493ca836272c3ea9248bfca804,4975
0xfe9a0408aa5780a6a5d96c859111c48bc9f074f5,4975
0xfeaa33d1d7ae6985b3073d409758ac0dd2af8d79,4975
0xfebc15e83b5a097db4f3d971c88544180a4f060b,4975
0xfebd88db9bd191ce5697069cc606b83c2de1e83b,4975
0xfebe4da315772c11c036916f6ecb21815157d05d,4975
0xfec0a32455aee5dd2843d962c44c7c55ecbd13a9,4975
0xfec2a89f03635896c4318ffd7eb2d2169e743d33,4975
0xfec8240c8254ef4fd92002ee1b24099503229633,4975
0xfec9839218dc6d258c143cc6599858b05a324cb3,4975
0xfed861ec0e08ae56c79272dc2d938443ac66b8cd,4975
0xfed99add28df847d9853252f3f0362bcdc864e80,4975
0xfedcd3d2437d49d55a343118b3d23a506b8faa43,4975
0xfee3b877788a0da857c0da5c5d2d927ea5350870,4975
0xfee406b5f6f311649adc12ab0b22bd31afea0f60,4975
0xfee45670d4b2a76d2806cb07dd4b6e2eb53539cf,4975
0xfee93e1af3445ff8e396e2bed6cdf8d69d8c9dab,4975
0xfeebc49bb2a1c2e9739b66ba0cf11ed501ff32d5,4975
0xfefcbd93bb5ce546734f9de2feb05bf02e1a2224,4975
0xff0669c9e37154278cc1a7574de546a66af65bd7,4975
0xff0fffc848209f80bd9cd4603626b99abaa71892,4975
0xff1872dc9b9363810f14d7814316863d9cb8cb7f,4975
0xff27233bdbbfe090709979e81022d5f0ef45ae5d,4975
0xff27c7b6a76841ae4a8a6371c894c73974161143,4975
0xff2b90916e955c00614d33c4b9d9eed83e8e016d,4975
0xff2f3e1f7847d3d57214f277be7e946261ee0330,4975
0xff3de71243ed9227a814e4305faddb82ee2c0f0f,4975
0xff42bde5f7a348f4cf1e4deae9ae4945a3c0ea37,4975
0xff42f094f17390f8459a7dc583aa80300af6d0f4,4975
0xff4c778992db763e1b3e7c04fa39bbaa34fe5111,4975
0xff4cf17ba8f15efad4602285b5e9c7a21d6440bb,4975
0xff51ffb3a7ec04707f025a4feee387ed16bb756f,4975
0xff5fb8c6048030d0180428749024c1abd28d9f84,4975
0xff62b319d69043c621b086123b141d8e774bfce2,4975
0xff64281fbafb7c7706e9227a52ab7554da9dd5ff,4975
0xff64c6432441943977b266e52296ded047a10d1d,4975
0xff75d3a2d2fd3f6b2d8dc883ae21fdc972cf97a3,4975
0xff7acaffb4173934ea1dc28af75912e08165193d,4975
0xff84f99187499c112679d62278257751efe06d4c,4975
0xff8f19f6438a546702aee2a0d8c9d2b6d80587c2,4975
0xff913108b0f624e93fb7ac3710f8461ddffa5925,4975
0xff98552de457e54dbb142d51bad94cead75d984e,4975
0xffa545b9180c136f317d894c3957b2ea0b20858d,4975
0xffaab8c31191dcc6b2699da293edcedcada9c0e9,4975
0xffb0704b6f758afbd7d29390b62d4413b1c89aff,4975
0xffb40b2a322b892b2795ee90c456281105f5df90,4975
0xffb76823d4d9eecd01c9962e62530b4168570623,4975
0xffb78b469914c51735c392c3b4635ef1aeaa24fc,4975
0xffc2ef572e4aa395a7e340884672dd4e00210752,4975
0xffcc6de184e60de5b7388b4c671526309533ecb8,4975
0xffcc995a004c26a059248c15afa92f006b315fab,4975
0xffcdf406fdb48530296287bf4429fe8f0ec48c6b,4975
0xffd6ac1e21bdeed0225485fcb841f918d54a09c8,4975
0xffd7318e9a7a52bea510e4b8fbd637d28516fd5c,4975
0xffd8e07f54d9b02bf55ef4924b70fd6fdced5ec5,4975
0xffd95e0ece8d258490f6969606369c58aa753a14,4975
0xffe0d3bec433cd4b2ac32a7a1e3df5672eb4e4b0,4975
0xffec3a050019eb311ada47055cfeac54f937b245,4975
0xfff423212eb0b97788d43a0c38b7d5762ba3c6e6,4975
0xfff9fd8504671f11a554029cccfc22538213e70d,4975